no,smiles,exp,traintest,pred,type,err,Molecules,cluster
0,CCCCCCCCC(O)CO,3.361727836,train,3.284244,nonionic,0.0060037354631995,<rdkit.Chem.rdchem.Mol object at 0x000001BED60DAEA0>,0
1,CCCCCCCCC(O)CCO,3.361727836,train,3.2403183,nonionic,0.0147402758348529,<rdkit.Chem.rdchem.Mol object at 0x000001BED60D8A50>,0
2,CCCCCCCCCCCCC(O)CCO,1.113943352,train,1.1944386,nonionic,0.0064794811992303,<rdkit.Chem.rdchem.Mol object at 0x000001BED60D8820>,0
3,CCCCCCCCOCCO,3.69019608,train,3.6691136,nonionic,0.0004444694443028,<rdkit.Chem.rdchem.Mol object at 0x000001BED60DB680>,16
4,CCCCCCCCOCCOCCOCCO,3.875061263,train,3.8572426,nonionic,0.0003175053131613,<rdkit.Chem.rdchem.Mol object at 0x000001BED60DBD10>,16
5,CCCCCCCCOCCOCCOCCOCCOCCO,3.963787827,train,3.953247,nonionic,0.000111107551545,<rdkit.Chem.rdchem.Mol object at 0x000001BED60DB3E0>,16
6,CCCCCCCCOCCOCCOCCOCCOCCOCCO,3.995635195,train,3.9586515,nonionic,0.0013677905401416,<rdkit.Chem.rdchem.Mol object at 0x000001BED60DAAB0>,16
7,CCCCCCCCCCOCCOCCOCCOCCO,2.8325089130000003,train,2.697473,nonionic,0.0182346845219838,<rdkit.Chem.rdchem.Mol object at 0x000001BED60DBB50>,16
8,CCCCCCCCCCOCCOCCOCCOCCOCCO,2.880813592,test,2.8376794,nonionic,0.0018605597152663,<rdkit.Chem.rdchem.Mol object at 0x000001BED60DA880>,16
9,CCCCCCCCCCOCCOCCOCCOCCOCCOCCO,2.954242509,train,2.9921823,nonionic,0.0014394243107054,<rdkit.Chem.rdchem.Mol object at 0x000001BED60DBC30>,16
10,CCCCCCCCCCOCCOCCOCCOCCOCCOCCOCCOCCO,3.0,train,2.9464297,nonionic,0.0028697738855498,<rdkit.Chem.rdchem.Mol object at 0x000001BED60D8740>,16
11,CCCCCCCCCCCOCCOCCOCCOCCOCCOCCOCCOCCO,2.477121255,train,2.4155352,nonionic,0.0037928407462104,<rdkit.Chem.rdchem.Mol object at 0x000001BED60DA650>,16
12,CCCCCCCCCCCCOCCOCCO,1.51851394,train,1.5692351,nonionic,0.0025726346962934,<rdkit.Chem.rdchem.Mol object at 0x000001BED60DBDF0>,16
13,CCCCCCCCCCCCOCCOCCOCCO,1.716003344,train,1.6006217,nonionic,0.0133129237059447,<rdkit.Chem.rdchem.Mol object at 0x000001BED60DBED0>,16
14,CCCCCCCCCCCCOCCOCCOCCOCCO,1.806179974,test,1.6461127,nonionic,0.025621538469166,<rdkit.Chem.rdchem.Mol object at 0x000001BED60DA9D0>,16
15,CCCCCCCCCCCCOCCOCCOCCOCCOCCO,1.806179974,train,1.7074666,nonionic,0.0097443297473599,<rdkit.Chem.rdchem.Mol object at 0x000001BED60DB5A0>,16
16,CCCCCCCCCCCCOCCOCCOCCOCCOCCOCCOCCO,1.913813852,train,1.911649,nonionic,4.686633004834184e-06,<rdkit.Chem.rdchem.Mol object at 0x000001BED5EF5000>,16
17,CCCCCCCCCCCCOCCOCCOCCOCCOCCOCCOCCOCCO,2.0374264980000003,train,1.9000925,nonionic,0.0188606317949973,<rdkit.Chem.rdchem.Mol object at 0x000001BED5EF4890>,16
18,CCCCCCCCCCCCCOCCOCCOCCOCCOCCO,1.69019608,train,1.0863496,nonionic,0.3646305635415062,<rdkit.Chem.rdchem.Mol object at 0x000001BED5EF5B60>,16
19,CCCCCCCCCCCCCOCCOCCOCCOCCOCCOCCOCCOCCO,1.431363764,train,1.3871768,nonionic,0.0019524920214943,<rdkit.Chem.rdchem.Mol object at 0x000001BED5EF5EE0>,16
20,CCCCCCCCCCCCCCOCCOCCOCCOCCOCCOCCO,1.0,train,0.64704585,nonionic,0.1245766314701199,<rdkit.Chem.rdchem.Mol object at 0x000001BED5EF70D0>,16
21,CCCCCCCCCCCCCCOCCOCCOCCOCCOCCOCCOCCOCCO,0.954242509,train,0.926645,nonionic,0.0007616235568196,<rdkit.Chem.rdchem.Mol object at 0x000001BED5EF4F20>,16
22,CCCCCCCCCCCCCCCOCCOCCOCCOCCOCCOCCOCCOCCO,0.544068044,train,0.5070922,nonionic,0.0013672146762197,<rdkit.Chem.rdchem.Mol object at 0x000001BED5EF5310>,16
23,CCCCCCCCCCCCCCCCOCCOCCOCCOCCOCCOCCO,0.220108088,train,0.047548473,nonionic,0.0297768207699079,<rdkit.Chem.rdchem.Mol object at 0x000001BED5EF7CA0>,16
24,CCCCCCCCCCCCCCCCOCCOCCOCCOCCOCCOCCOCCO,0.230448921,train,0.113765955,nonionic,0.0136149145612516,<rdkit.Chem.rdchem.Mol object at 0x000001BED5EF40B0>,16
25,CCCCCCCCCCCCCCCCOCCOCCOCCOCCOCCOCCOCCOCCOCCO,0.322219295,train,0.36898327,nonionic,0.0021868692397489,<rdkit.Chem.rdchem.Mol object at 0x000001BED5EF7760>,16
26,CCCCCCCCCCCCCCCCOCCOCCOCCOCCOCCOCCOCCOCCOCCOCCOCCOCCO,0.361727836,test,0.4445942,nonionic,0.0068668350160823,<rdkit.Chem.rdchem.Mol object at 0x000001BED5EF4F90>,16
27,CCCCCCCCCCCCCCCCOCCOCCOCCOCCOCCOCCOCCOCCOCCOCCOCCOCCOCCOCCOCCO,0.4913616939999999,train,0.47900456,nonionic,0.0001526987137098,<rdkit.Chem.rdchem.Mol object at 0x000001BED5EF43C0>,16
28,CCCCCCCCCCCCCCCCOCCOCCOCCOCCOCCOCCOCCOCCOCCOCCOCCOCCOCCOCCOCCOCCOCCOCCOCCOCCOCCO,0.5910646070000001,train,0.54269004,nonionic,0.0023400988600466,<rdkit.Chem.rdchem.Mol object at 0x000001BED5D921F0>,16
29,CCCCCCCCCCCC(=O)N(CCO)CCO,2.421603927,train,2.2256155,nonionic,0.0384114629676738,<rdkit.Chem.rdchem.Mol object at 0x000001BED616EF80>,18
30,OCCOCCOCCSCCC(F)(F)C(F)(F)C(F)(F)C(F)(F)C(F)(F)C(F)(F)F,3.397940009,train,3.5434766,nonionic,0.0211808939564377,<rdkit.Chem.rdchem.Mol object at 0x000001BED616F300>,41
31,OCCOCCOCCOCCSCCC(F)(F)C(F)(F)C(F)(F)C(F)(F)C(F)(F)C(F)(F)F,3.4471580310000003,test,3.619286,nonionic,0.0296280584821487,<rdkit.Chem.rdchem.Mol object at 0x000001BED616D3F0>,41
32,OCCOCCOCCOCCOCCOCCSCCC(F)(F)C(F)(F)C(F)(F)C(F)(F)C(F)(F)C(F)(F)F,3.568201724,train,3.7408032,nonionic,0.0297912839226085,<rdkit.Chem.rdchem.Mol object at 0x000001BED616F1B0>,41
33,OCCOCCOCCOCCOCCOCCOCCOCCSCCC(F)(F)C(F)(F)C(F)(F)C(F)(F)C(F)(F)C(F)(F)F,3.681241237,train,3.816081,nonionic,0.0181817743765059,<rdkit.Chem.rdchem.Mol object at 0x000001BED616C350>,41
34,CCCCCCNC(=O)C(O)C(O)C(OC1OC(CO)C(O)C(O)C1O)C(O)CO,4.919078092,train,4.7453995,nonionic,0.0301642619691108,<rdkit.Chem.rdchem.Mol object at 0x000001BED616ED50>,14
35,CC(C)(C)CC(C)(C)c1ccc(OCCOCCOCCOCCOCCOCCOCCOCCOCCOCCO)cc1,2.51851394,train,2.4833918,nonionic,0.0012335674029325,<rdkit.Chem.rdchem.Mol object at 0x000001BED616EC70>,42
36,CC(C)(C)CC(C)(C)c1ccc(OCCOCCO)cc1,2.113943352,train,2.1042469,nonionic,9.40220582966499e-05,<rdkit.Chem.rdchem.Mol object at 0x000001BED616FD10>,42
37,CC(C)(C)CC(C)(C)c1ccc(OCCOCCOCCO)cc1,1.986771734,train,2.1030426,nonionic,0.0135189148708279,<rdkit.Chem.rdchem.Mol object at 0x000001BED616F220>,42
38,CC(C)(C)CC(C)(C)c1ccc(OCCOCCOCCOCCO)cc1,2.113943352,train,2.1523724,nonionic,0.0014767886735023,<rdkit.Chem.rdchem.Mol object at 0x000001BED616D310>,42
39,CC(C)(C)CC(C)(C)c1ccc(OCCOCCOCCOCCOCCO)cc1,2.176091259,train,2.2032099,nonionic,0.0007354194429979,<rdkit.Chem.rdchem.Mol object at 0x000001BED616F920>,42
40,CC(C)(C)CC(C)(C)c1ccc(OCCOCCOCCOCCOCCOCCO)cc1,2.322219295,train,2.2456942,nonionic,0.0058560962161468,<rdkit.Chem.rdchem.Mol object at 0x000001BED616EFF0>,42
41,CC(C)(C)CC(C)(C)c1ccc(OCCOCCOCCOCCOCCOCCOCCO)cc1,2.397940009,train,2.3323913,nonionic,0.0042966382261326,<rdkit.Chem.rdchem.Mol object at 0x000001BED616F610>,42
42,CC(C)(C)CC(C)(C)c1ccc(OCCOCCOCCOCCOCCOCCOCCOCCO)cc1,2.447158031,train,2.4087071,nonionic,0.0014784708744091,<rdkit.Chem.rdchem.Mol object at 0x000001BED616C270>,42
43,CC(C)(C)CC(C)(C)c1ccc(OCCOCCOCCOCCOCCOCCOCCOCCOCCO)cc1,2.477121255,test,2.4474244,nonionic,0.0008819024976085,<rdkit.Chem.rdchem.Mol object at 0x000001BED616E0A0>,42
44,CCCCCCCCC=CCCCCCCCC(=O)OC1(OC2(CO)OC(CO)C(O)C2O)OC(CO)C(O)C(O)C1O,0.7075701759999999,train,0.6024876,nonionic,0.0110423427996562,<rdkit.Chem.rdchem.Mol object at 0x000001BED616D620>,-1
45,CCCCCCCCCC(=O)CC(=O)NC1CCOC1=O,1.986771734,train,1.9484068,nonionic,0.0014718669692964,<rdkit.Chem.rdchem.Mol object at 0x000001BED616C040>,37
46,CCCCCC(=O)CC(=O)NC1CCOC1=O,3.336459734,train,3.279521,nonionic,0.0032420207431728,<rdkit.Chem.rdchem.Mol object at 0x000001BED616D2A0>,37
47,CCCCCCCCCCCC(=O)NC1CCOC1=O,0.602059991,train,0.59021795,nonionic,0.0001402339833635,<rdkit.Chem.rdchem.Mol object at 0x000001BED616CD60>,36
48,CCCCCCCCCCCCCCCC(=O)NC1CCOC1=O,-0.795880017,train,-1.0323375,nonionic,0.0559121631856306,<rdkit.Chem.rdchem.Mol object at 0x000001BED616CEB0>,36
49,CCCCCCCCOCC(O)CO,3.763427994,train,3.7424865,nonionic,0.0004385471385252,<rdkit.Chem.rdchem.Mol object at 0x000001BED616C120>,1
50,CCCCCCCCOC1OC(CO)C(O)C(O)C1O,4.397940009,train,4.182318,nonionic,0.0464927599444711,<rdkit.Chem.rdchem.Mol object at 0x000001BED616C9E0>,3
51,CCCCOCC(O)C(O)C(O)CO,4.763427994,train,4.5831633,nonionic,0.0324953738144555,<rdkit.Chem.rdchem.Mol object at 0x000001BED616E180>,1
52,CCCCCCCCCC(=O)OCC(O)C(O)C(O)CO,3.255272505,train,3.188056,nonionic,0.0045180596028781,<rdkit.Chem.rdchem.Mol object at 0x000001BED616CF90>,15
53,CCCCCCC(=O)OCC(O)C(O)C(O)CO,4.0,train,4.112757,nonionic,0.0127141874966127,<rdkit.Chem.rdchem.Mol object at 0x000001BED616E6C0>,15
54,CCCCCCCOCC(O)C(O)C(O)CO,3.963787827,test,3.9240732,nonionic,0.0015772500648191,<rdkit.Chem.rdchem.Mol object at 0x000001BED616F760>,1
55,CCCCCC(=O)OCC(O)C(O)C(O)CO,4.763427994,train,4.6680546,nonionic,0.0090960879666906,<rdkit.Chem.rdchem.Mol object at 0x000001BED616E650>,15
56,CCCCCCOCC(O)C(O)C(O)CO,3.973127854,train,3.817071,nonionic,0.0243537538532706,<rdkit.Chem.rdchem.Mol object at 0x000001BED616D850>,1
57,CCCCCCCCC(=O)OCC(O)C(O)C(O)CO,3.643452676,test,3.7066336,nonionic,0.0039918250899142,<rdkit.Chem.rdchem.Mol object at 0x000001BED616D770>,15
58,CCCCCCCCCOCC(O)C(O)C(O)CO,3.322219295,train,3.3658113,nonionic,0.0019002670813917,<rdkit.Chem.rdchem.Mol object at 0x000001BED616DFC0>,1
59,CCCCCCCC(=O)OCC(O)C(O)C(O)CO,4.255272505,train,3.9471827,nonionic,0.094919355466927,<rdkit.Chem.rdchem.Mol object at 0x000001BED616D930>,15
60,CCCCCCCCOCC(O)C(O)C(O)CO,3.826074803,train,3.838194,nonionic,0.0001468723529139,<rdkit.Chem.rdchem.Mol object at 0x000001BED616E3B0>,1
61,CCCCC(=O)OCC(O)C(O)C(O)CO,5.079181246,train,5.3023543,nonionic,0.0498062280041444,<rdkit.Chem.rdchem.Mol object at 0x000001BED616F370>,15
62,CCCCCOCC(O)C(O)C(O)CO,4.579783597,train,4.426637,nonionic,0.0234538272761895,<rdkit.Chem.rdchem.Mol object at 0x000001BED616EE30>,1
63,CCCCSCC(O)C(O)C(O)CO,5.255272505,train,5.1625586,nonionic,0.0085958764127843,<rdkit.Chem.rdchem.Mol object at 0x000001BED616C4A0>,2
64,CCCCCSCC(O)C(O)C(O)CO,4.662757832,train,4.675654,nonionic,0.0001663094591426,<rdkit.Chem.rdchem.Mol object at 0x000001BED616F0D0>,2
65,CCCCCC(CCCC)OC1OC(CO)C(O)C(O)C1O,4.176091259,train,4.2541385,nonionic,0.0060913670974328,<rdkit.Chem.rdchem.Mol object at 0x000001BED616E9D0>,7
66,CCCCCCCC(CC)OC1OC(CO)C(O)C(O)C1O,3.929418926,train,3.9631906,nonionic,0.0011405229639827,<rdkit.Chem.rdchem.Mol object at 0x000001BED616FED0>,7
67,CCCCCCCCC(C)OC1OC(CO)C(O)C(O)C1O,3.653212514,train,3.4748392,nonionic,0.0318170353978449,<rdkit.Chem.rdchem.Mol object at 0x000001BED616D460>,7
68,CCCCCCC(CCC)OC1OC(CO)C(O)C(O)C1O,4.079181246,test,4.2755446,nonionic,0.0385585838392948,<rdkit.Chem.rdchem.Mol object at 0x000001BED616D700>,7
69,CCCCCCCCCCCC(=O)OCC1OC(OC2C(CO)OC(O)C(O)C2O)C(O)C(O)C1O,2.51851394,train,2.530078,nonionic,0.0001337259633641,<rdkit.Chem.rdchem.Mol object at 0x000001BED616F4C0>,9
70,CCCCCCCC(CCCCCC)SCCC(=O)OCC1(O)C(O)C(O)C(O)C1O,0.7993405490000001,train,0.7082222,nonionic,0.0083025516279017,<rdkit.Chem.rdchem.Mol object at 0x000001BED616EB90>,-1
71,CCCCCCCCCC(=O)N(C)CC(O)C(O)C(O)C(O)CO,3.826074803,train,3.606759,nonionic,0.0480993901491319,<rdkit.Chem.rdchem.Mol object at 0x000001BED616FC30>,13
72,CCCCCCCCC(=O)N(C)CC(O)C(O)C(O)C(O)CO,4.322219295,test,4.084682,nonionic,0.0564239723296656,<rdkit.Chem.rdchem.Mol object at 0x000001BED616EF10>,13
73,CCCCCCCC(=O)N(C)CC(O)C(O)C(O)C(O)CO,4.838849091,train,4.714496,nonionic,0.0154636574889414,<rdkit.Chem.rdchem.Mol object at 0x000001BED616C190>,13
74,CCCCCCCCCCCC(=O)OCC1OC(OCC2OC(OC3(CO)OC(CO)C(O)C3O)C(O)C(O)C2O)C(O)C(O)C1O,2.977723605,train,2.9766302,nonionic,1.195510709381203e-06,<rdkit.Chem.rdchem.Mol object at 0x000001BED616F530>,9
75,CCCCCCCCCCCC(=O)OCC1OC(OCC2OC(OCC3OC(OC4(CO)OC(CO)C(O)C4O)C(O)C(O)C3O)C(O)C(O)C2O)C(O)C(O)C1O,3.361727836,train,3.2954545,nonionic,0.0043921547854636,<rdkit.Chem.rdchem.Mol object at 0x000001BED616C510>,9
76,CCCCCCCCCCCC(=O)OCC1OC(OC2(CO)OC(CO)C(O)C2O)C(O)C(O)C1O,2.662757832,train,2.5583057,nonionic,0.0109102394487135,<rdkit.Chem.rdchem.Mol object at 0x000001BED616CA50>,9
77,CCCCCCCCCCSCC(O)C(O)C(O)CO,2.602059991,train,2.5531292,nonionic,0.0023942226829899,<rdkit.Chem.rdchem.Mol object at 0x000001BED616EAB0>,2
78,CCCCCCCCCCSC1OC(=O)C(O)C1O,1.51851394,train,1.4228421,nonionic,0.0091530923650037,<rdkit.Chem.rdchem.Mol object at 0x000001BED616EEA0>,19
79,CCCCCCSCC(O)C(O)C(O)CO,4.079181246,train,4.0485787,nonionic,0.0009365134245091,<rdkit.Chem.rdchem.Mol object at 0x000001BED616C740>,2
80,CCCCCCSC1OC(=O)C(O)C1O,3.826074803,test,3.963265,nonionic,0.0188211342852615,<rdkit.Chem.rdchem.Mol object at 0x000001BED6178BA0>,19
81,CCCCCCCCSCC(O)C(O)C(O)CO,3.079181246,train,3.2846437,nonionic,0.0422147994800319,<rdkit.Chem.rdchem.Mol object at 0x000001BED6179E00>,2
82,CCCCCCCCSC1OC(=O)C(O)C1O,2.681241237,train,2.5351217,nonionic,0.0213509251406813,<rdkit.Chem.rdchem.Mol object at 0x000001BED61795B0>,19
83,CCCCCCCC(=O)NC1C(O)OC(CO)C(O)C1O,4.653212514,train,4.471777,nonionic,0.0329188594278415,<rdkit.Chem.rdchem.Mol object at 0x000001BED6179380>,17
84,CCCCCCCC(=O)NC1OC(CO)C(O)C(O)C1O,4.84509804,train,4.7938113,nonionic,0.0026303275192651,<rdkit.Chem.rdchem.Mol object at 0x000001BED6179540>,17
85,CC(C)CCCC(C)CCOC1OC(CO)C(O)C(O)C1O,3.6020599910000004,train,3.5044785,nonionic,0.0095221562481667,<rdkit.Chem.rdchem.Mol object at 0x000001BED6178C80>,8
86,CC(C)CCCC(C)CCOC1OC(CO)C(OC2OC(CO)C(O)C(O)C2O)C(O)C1O,3.72427587,train,3.6346426,nonionic,0.0080341229092629,<rdkit.Chem.rdchem.Mol object at 0x000001BED6179770>,8
87,CC(C)CCCC(C)CCOC1OC(CO)C(OC2OC(CO)C(OC3OC(CO)C(O)C(O)C3O)C(O)C2O)C(O)C1O,3.698970004,train,3.6901383,nonionic,7.799828907358065e-05,<rdkit.Chem.rdchem.Mol object at 0x000001BED6179BD0>,8
88,CCCCCCCCCOC1OC(CO)C(O)C(O)C1N,3.84509804,train,3.8915963,nonionic,0.0021620897910548,<rdkit.Chem.rdchem.Mol object at 0x000001BED6179A10>,6
89,CCCCCCCCOC1OC(CO)C(O)C(O)C1N,4.361727836,train,4.441546,nonionic,0.0063709334436601,<rdkit.Chem.rdchem.Mol object at 0x000001BED6178D60>,6
90,CCCCCCCCCCN(C)C(=O)C(O)C(O)C(O)C(O)CO,3.113943352,train,3.0483656,nonionic,0.0043004424811616,<rdkit.Chem.rdchem.Mol object at 0x000001BED61791C0>,12
91,CCCCCCCCCCN(C)C(=O)C(O)C(O)C(OC1OC(CO)C(O)C(O)C1O)C(O)CO,3.361727836,train,3.1523533,nonionic,0.0438377018765032,<rdkit.Chem.rdchem.Mol object at 0x000001BED61786D0>,10
92,CCCCCCCCCCCCN(C)C(=O)C(O)C(O)C(O)C(O)CO,2.146128036,train,2.01235,nonionic,0.017896540870083,<rdkit.Chem.rdchem.Mol object at 0x000001BED6178350>,12
93,CCCCCCCCCCCCN(C)C(=O)C(O)C(O)C(OC1OC(CO)C(O)C(O)C1O)C(O)CO,2.397940009,train,2.4062436,nonionic,6.89490040216181e-05,<rdkit.Chem.rdchem.Mol object at 0x000001BED6178120>,10
94,CCCCCCCCCCCCCCCCN(C)C(=O)C(O)C(O)C(OC1OC(CO)C(O)C(O)C1O)C(O)CO,0.968482949,train,0.8577275,nonionic,0.0122667633654139,<rdkit.Chem.rdchem.Mol object at 0x000001BED6179690>,10
95,CCCCCCCCCCCCCCCCCCN(C)C(=O)C(O)C(O)C(OC1OC(CO)C(O)C(O)C1O)C(O)CO,0.51851394,train,0.55290306,nonionic,0.0011826113092146,<rdkit.Chem.rdchem.Mol object at 0x000001BED6179930>,10
96,CCCCCCCCC=CCCCCCCCCN(C)C(=O)C(O)C(O)C(O)C(O)CO,1.5051499780000002,train,1.5661364,nonionic,0.003719338809997,<rdkit.Chem.rdchem.Mol object at 0x000001BED6178430>,12
97,CCCCCCCCC=CCCCCCCCCN(C)C(=O)C(O)C(O)C(OC1OC(CO)C(O)C(O)C1O)C(O)CO,1.73239376,train,1.5869403,nonionic,0.0211567123586883,<rdkit.Chem.rdchem.Mol object at 0x000001BED61780B0>,10
98,CCCCCCCCCCCCCCN(C)C(=O)C(O)C(O)C(O)C(O)CO,1.380211242,train,1.0523192,nonionic,0.1075132115070583,<rdkit.Chem.rdchem.Mol object at 0x000001BED6179000>,12
99,CCCCCCCCCCCCCCN(C)C(=O)C(O)C(O)C(OC1OC(CO)C(O)C(O)C1O)C(O)CO,1.556302501,test,1.5175246,nonionic,0.0015037256037173,<rdkit.Chem.rdchem.Mol object at 0x000001BED6178E40>,10
100,CCCCCCCCCCCC(=O)N(C)CC(O)CO,2.361727836,train,2.1329453,nonionic,0.0523414491681807,<rdkit.Chem.rdchem.Mol object at 0x000001BED6178A50>,13
101,CCCCCCCCCCCC(=O)N(C)CC(O)C(O)C(O)CO,2.556302501,train,2.4572825,nonionic,0.0098049520462045,<rdkit.Chem.rdchem.Mol object at 0x000001BED6178AC0>,13
102,CCCCCCCCCCOC1OC(CO)C(O)C(O)C1O,3.301029996,train,3.2366066,nonionic,0.0041503742227007,<rdkit.Chem.rdchem.Mol object at 0x000001BED6178F20>,3
103,CCCCCCCCCCOC1OC(CO)C(OC2OC(CO)C(O)C(O)C2O)C(O)C1O,3.301029996,train,3.1383572,nonionic,0.0264624507668617,<rdkit.Chem.rdchem.Mol object at 0x000001BED6178890>,4
104,CCCCCCCCCCCCOC1OC(CO)C(O)C(O)C1O,2.278753601,train,1.9558178,nonionic,0.1042875195273914,<rdkit.Chem.rdchem.Mol object at 0x000001BED6178970>,3
105,CCCCCCCCC=CCCCCCCCC(=O)NCCOC1OC(CO)C(OC2OC(CO)C(O)C(O)C2O)C(O)C1O,1.954242509,train,1.7719548,nonionic,0.0332288180191467,<rdkit.Chem.rdchem.Mol object at 0x000001BED6179B60>,-1
106,CCCCCCCCC=CCCCCCCCCOC1OC(CO)C(OC2OC(CO)C(O)C(O)C2O)C(O)C1O,1.301029996,train,1.2665284,nonionic,0.0011903623349115,<rdkit.Chem.rdchem.Mol object at 0x000001BED61790E0>,5
107,CCCCCCCCC=CCCCCCCCCOC1OC(CO)C(OC2OC(CO)C(OC3OC(CO)C(O)C(O)C3O)C(O)C2O)C(O)C1O,1.62324929,train,1.5948428,nonionic,0.0008069291537744,<rdkit.Chem.rdchem.Mol object at 0x000001BED61792A0>,5
108,CCCCCCCCCCNC(=O)C(O)C(O)C(OC1OC(CO)C(O)C(O)C1O)C(O)CO,3.113943352,train,2.89085,nonionic,0.0497706137502175,<rdkit.Chem.rdchem.Mol object at 0x000001BED6178200>,14
109,CCCCCCCCCCCCNC(=O)C(O)C(O)C(OC1OC(CO)C(O)C(O)C1O)C(O)CO,2.491361694,train,2.2651033,nonionic,0.0511928426873979,<rdkit.Chem.rdchem.Mol object at 0x000001BED6179850>,14
110,CCCCCCCCCCCCOC1OC(CO)C(OC2OC(CO)C(O)C(O)C2O)C(O)C1O,2.230448921,test,2.7744083,nonionic,0.2958918500128434,<rdkit.Chem.rdchem.Mol object at 0x000001BED61794D0>,4
111,CCCCCCCCNC(=O)C(O)C(O)C(OC1OC(CO)C(O)C(O)C1O)C(O)CO,3.755874856,train,3.6405482,nonionic,0.0133002308450233,<rdkit.Chem.rdchem.Mol object at 0x000001BED617A8F0>,14
112,CCCCCCCCCC(=O)N(C)CC(O)C(O)C(OC1OC(CO)C(O)C(O)C1O)C(O)CO,3.51851394,train,3.4745717,nonionic,0.0019309200287034,<rdkit.Chem.rdchem.Mol object at 0x000001BED6178B30>,11
113,CCCCCCCCCCCC(=O)N(C)CC(O)C(O)C(OC1OC(CO)C(O)C(O)C1O)C(O)CO,2.653212514,train,2.5671425,nonionic,0.0074080496214109,<rdkit.Chem.rdchem.Mol object at 0x000001BED617AB90>,11
114,CCCCCCCCCCCCCC(=O)N(C)CC(O)C(O)C(OC1OC(CO)C(O)C(O)C1O)C(O)CO,1.832508913,train,1.9703889,nonionic,0.0190108878680028,<rdkit.Chem.rdchem.Mol object at 0x000001BED617A420>,11
115,CCCCCCCCCOC1OC(CO)C(O)C(O)C1O,3.838849091,train,3.774548,nonionic,0.0041346233925248,<rdkit.Chem.rdchem.Mol object at 0x000001BED617A730>,3
116,CCCCCCCCSC1OC(CO)C(O)C(O)C1O,3.929418926,train,3.7845387,nonionic,0.0209902665915669,<rdkit.Chem.rdchem.Mol object at 0x000001BED617A500>,-1
117,CCCCCCOCCOCCOCCO,5.0,train,5.0821586,nonionic,0.0067500298885079,<rdkit.Chem.rdchem.Mol object at 0x000001BED617BCA0>,16
118,CCCCCCCCCCOCCOCCOCCO,2.77815125,train,2.5655937,nonionic,0.0451807037797311,<rdkit.Chem.rdchem.Mol object at 0x000001BED617B6F0>,16
119,CCCCCCCCCCCCOCCOCCOCCOCCOCCOCCO,1.939519253,train,1.8810171,nonionic,0.0034225032055445,<rdkit.Chem.rdchem.Mol object at 0x000001BED617BC30>,16
120,CCCCCCCCOCCOCCOCCOCCOCCOCCOCCOCCO,4.113943352,train,4.1129456,nonionic,9.955955791897271e-07,<rdkit.Chem.rdchem.Mol object at 0x000001BED617BB50>,16
121,CCCCCCCCCCOCCOCCOCCOCCOCCOCCOCCOCCOCCO,3.113943352,train,2.9097548,nonionic,0.0416929839155206,<rdkit.Chem.rdchem.Mol object at 0x000001BED617A340>,16
122,CCCCCCCC[N+](C)(C)C.[Br-],5.146128036,train,5.4264045,cationic,0.078554882911997,<rdkit.Chem.rdchem.Mol object at 0x000001BED617AD50>,25
123,CCCCCCCCCC[N+](C)(C)C.[Br-],4.832508913,train,4.7157035,cationic,0.0136435074504754,<rdkit.Chem.rdchem.Mol object at 0x000001BED617B8B0>,25
124,CCCCCCCCCC[N+](C)(C)C.[Cl-],4.832508913,train,4.940871,cationic,0.0117422902908147,<rdkit.Chem.rdchem.Mol object at 0x000001BED617BAE0>,26
125,CCCCCCCCCCCC[N+](C)(C)C.[Br-],4.204119983,test,4.052776,cationic,0.0229050436172596,<rdkit.Chem.rdchem.Mol object at 0x000001BED617B610>,25
126,CCCCCCCCCCCC[N+](C)(C)C.[Cl-],4.3010299960000005,train,4.2355,cationic,0.0042941988740851,<rdkit.Chem.rdchem.Mol object at 0x000001BED617B920>,26
127,CCCCCCCCCCCCCC[N+](C)(C)C.[Br-],3.556302501,train,3.5499678,cationic,4.012886995142992e-05,<rdkit.Chem.rdchem.Mol object at 0x000001BED617B4C0>,25
128,CCCCCCCCCCCCCC[N+](C)(C)C.[Cl-],3.653212514,train,3.6717238,cationic,0.000342669287309,<rdkit.Chem.rdchem.Mol object at 0x000001BED617A5E0>,26
129,CCCCCCCCCCCCCCCC[N+](C)(C)C.[Br-],2.991226076,train,2.8383303,cationic,0.0233771278410339,<rdkit.Chem.rdchem.Mol object at 0x000001BED617A880>,25
130,CCCCCCCCCC[n+]1ccccc1.[Br-],4.643452676,train,4.590052,cationic,0.0028516185439876,<rdkit.Chem.rdchem.Mol object at 0x000001BED617AAB0>,38
131,CCCCCCCCCCC[n+]1ccccc1.[Br-],4.322219295,train,4.272711,cationic,0.0024510910602431,<rdkit.Chem.rdchem.Mol object at 0x000001BED6179FC0>,38
132,CCCCCCCCCCCC[n+]1ccccc1.[Br-],4.0569048510000005,test,3.9797506,cationic,0.0059527733181967,<rdkit.Chem.rdchem.Mol object at 0x000001BED617AFF0>,38
133,CCCCCCCCCCCC[n+]1ccccc1.[Cl-],4.230448921,train,4.1262345,cationic,0.0108606389991611,<rdkit.Chem.rdchem.Mol object at 0x000001BED617A180>,39
134,CCCCCCCCCCCC[n+]1ccccc1.[I-],3.72427587,train,3.696775,cationic,0.0007563000747974,<rdkit.Chem.rdchem.Mol object at 0x000001BED617A9D0>,-1
135,CCCCCCCCCCCCC[n+]1ccccc1.[Br-],3.72427587,train,3.677104,cationic,0.0022251856705522,<rdkit.Chem.rdchem.Mol object at 0x000001BED617A260>,38
136,CCCCCCCCCCCCCC[n+]1ccccc1.[Br-],3.431363764,train,3.3364997,cationic,0.0089991923443428,<rdkit.Chem.rdchem.Mol object at 0x000001BED617AF10>,38
137,CCCCCCCCCCCCCC[n+]1ccccc1.[Cl-],3.544068044,train,3.427679,cationic,0.0135463951566837,<rdkit.Chem.rdchem.Mol object at 0x000001BED617AC00>,39
138,CCCCCCCCCCCCCCC[n+]1ccccc1.[Br-],3.113943352,train,2.9632702,cationic,0.0227024025372294,<rdkit.Chem.rdchem.Mol object at 0x000001BED617B140>,38
139,CCCCCCCCCCCCCCCC[n+]1ccccc1.[Br-],2.806179974,train,2.6249056,cationic,0.0328604036567927,<rdkit.Chem.rdchem.Mol object at 0x000001BED617ACE0>,38
140,CCCCCCCCCCCCCCCC[n+]1ccccc1.[Cl-],2.954242509,test,2.732067,cationic,0.0493619087409487,<rdkit.Chem.rdchem.Mol object at 0x000001BED61787B0>,39
141,CCCCCCCCCCCCCCCCCC[n+]1ccccc1.[Cl-],2.380211242,train,2.2346272,cationic,0.0211946996418873,<rdkit.Chem.rdchem.Mol object at 0x000001BED617BD80>,39
142,CCCCCCCCCCCC[N+](C)(C)CC.[Br-],4.146128036,train,4.003122,cationic,0.0204507684120509,<rdkit.Chem.rdchem.Mol object at 0x000001BED617A6C0>,24
143,CCCCCCCCCCCC[N+](C)(C)CCCC.[Br-],3.875061263,train,3.9142866,cationic,0.0015386281190515,<rdkit.Chem.rdchem.Mol object at 0x000001BED6178740>,24
144,CCCCCCCCCCCC[N+](C)(C)CCCCCC.[Br-],3.491361694,train,3.6301913,cationic,0.0192736667605047,<rdkit.Chem.rdchem.Mol object at 0x000001BED617A7A0>,24
145,CCCCCCCCCCCC[N+](C)(C)CCCCCCCC.[Br-],3.041392685,train,3.0968394,cationic,0.0030743413035413,<rdkit.Chem.rdchem.Mol object at 0x000001BED617B530>,24
146,CCCCCCCCCCCCCC[N+](CC)(CC)CC.[Br-],3.491361694,train,3.4782596,cationic,0.0001716658250528,<rdkit.Chem.rdchem.Mol object at 0x000001BED617AC70>,-1
147,CCCCCCCCCCCCCC[N+](CCC)(CCC)CCC.[Br-],3.322219295,train,3.294002,cationic,0.0007962125699079,<rdkit.Chem.rdchem.Mol object at 0x000001BED617B300>,27
148,CCCCCCCCCCCCCC[N+](CCCC)(CCCC)CCCC.[Br-],3.079181246,train,3.1822028,cationic,0.0106134438872267,<rdkit.Chem.rdchem.Mol object at 0x000001BED5EA7220>,27
149,CCCCCCCCCC[N+](C)(C)Cc1ccccc1.[Cl-],4.591064607,train,4.315782,cationic,0.0757804750891142,<rdkit.Chem.rdchem.Mol object at 0x000001BED5EA6AB0>,30
150,CCCCCCCCCCCC[N+](C)(C)Cc1ccccc1.[Cl-],3.944482672,test,3.8032494,cationic,0.0199468486639925,<rdkit.Chem.rdchem.Mol object at 0x000001BED5EA6180>,30
151,CCCCCCCCCCCCCC[N+](C)(C)Cc1ccccc1.[Cl-],3.301029996,train,3.222105,cationic,0.0062291508508091,<rdkit.Chem.rdchem.Mol object at 0x000001BED60CE1F0>,30
152,CCCCCCCCCCCC[NH2+]CCO.[Cl-],4.653212514,train,4.6143174,cationic,0.0015128285593772,<rdkit.Chem.rdchem.Mol object at 0x000001BED60CF060>,18
153,CCCCCCCCCCCC[NH+]CCO.[Cl-],4.556302501,train,4.4802437,cationic,0.0057849438166515,<rdkit.Chem.rdchem.Mol object at 0x000001BED60CF840>,18
154,CCCCCCCCCCCC[N+]CCO.[Cl-],4.397940009,train,4.2590346,cationic,0.0192947033048818,<rdkit.Chem.rdchem.Mol object at 0x000001BED60CE810>,18
155,CCCCCCCCCC[N+](C)(C)CCCCCCCCCC.[Br-],3.267171728,train,3.0968394,cationic,0.0290130924410052,<rdkit.Chem.rdchem.Mol object at 0x000001BED60CC740>,24
156,CCCCCCCCCCCC[N+](C)(C)CCCCCCCCCCCC.[Br-],2.245512668,train,1.9181186,cationic,0.1071868783303451,<rdkit.Chem.rdchem.Mol object at 0x000001BED60CE3B0>,24
157,CCCCCCCCCCCCCCCC(=O)NC(C(=O)[O-])C(C)C.[Na+],3.278753601,train,3.2951984,anionic,0.000270432747883,<rdkit.Chem.rdchem.Mol object at 0x000001BED60CE9D0>,35
158,CCCCCCCCCCCCCCCC(=O)NC(CC(C)C)C(=O)[O-].[Na+],3.176091259,train,3.1924562,anionic,0.0002678127806041,<rdkit.Chem.rdchem.Mol object at 0x000001BED60CDD20>,35
159,CCCCCCCCCCS(=O)(=O)[O-].[Na+],4.633468456,train,4.6120353,anionic,0.0004593812689712,<rdkit.Chem.rdchem.Mol object at 0x000001BED60CD2A0>,22
160,CCCCCCCCCCCCS(=O)(=O)[O-].[Na+],4.093421685,train,4.1464686,anionic,0.0028139793683338,<rdkit.Chem.rdchem.Mol object at 0x000001BED60CC190>,22
161,CCCCCCCCCCCCS(=O)(=O)[O-].[Li+],4.041392685,train,4.146515,anionic,0.0110506785260984,<rdkit.Chem.rdchem.Mol object at 0x000001BED60CDFC0>,22
162,CCCCCCCCCCCCS(=O)(=O)[O-].[NH4+],3.949390007,train,3.8928342,anionic,0.0031985608263252,<rdkit.Chem.rdchem.Mol object at 0x000001BED60CFF40>,22
163,CCCCCCCCCCCCS(=O)(=O)[O-].[K+],3.968482949,train,4.095995,anionic,0.0162593102309174,<rdkit.Chem.rdchem.Mol object at 0x000001BED60CCB30>,22
164,CCCCCCCCCCCCOS(=O)(=O)[O-].[Na+],3.913813852,test,3.7073226,anionic,0.0426386381834714,<rdkit.Chem.rdchem.Mol object at 0x000001BED60CD1C0>,21
165,CCCCCCCCCCCCOS(=O)(=O)[O-].[Li+],3.949390007,train,3.7397356,anionic,0.0439549689771667,<rdkit.Chem.rdchem.Mol object at 0x000001BED60CE570>,21
166,CCCCCCCCC(CC)OS(=O)(=O)[O-].C[N+](C)(C)C,3.740362689,train,3.761619,anionic,0.0004518346274283,<rdkit.Chem.rdchem.Mol object at 0x000001BED60CDEE0>,34
167,CCCCCCCCC(CC)OS(=O)(=O)[O-].CCC[N+](CCC)(CCC)CCC,3.3424226810000004,train,3.1786108,anionic,0.0268343318008537,<rdkit.Chem.rdchem.Mol object at 0x000001BED60CC9E0>,34
168,CCCCCCCCCCCCCCOS(=O)(=O)[O-].[Na+],3.322219295,train,3.30197,anionic,0.0004100337440704,<rdkit.Chem.rdchem.Mol object at 0x000001BED60CDD90>,21
169,CCCCCCCCCCOCCS(=O)(=O)[O-].[Na+],4.201397124,train,4.192197,anionic,8.464511512453856e-05,<rdkit.Chem.rdchem.Mol object at 0x000001BED60CDE70>,-1
170,CCCCCCCCCCCCOCCOS(=O)(=O)[O-].[Na+],3.591064607,train,3.3344307,anionic,0.065860965003956,<rdkit.Chem.rdchem.Mol object at 0x000001BED60CCC80>,20
171,CCCCCCCCCCCCOCCOCCOS(=O)(=O)[O-].[Na+],3.462397998,test,3.0357957,anionic,0.1819895303605422,<rdkit.Chem.rdchem.Mol object at 0x000001BED60CCE40>,20
172,CCCCCCCCCCCCCCCCOCCOCCOCCOCCOCCOS(=O)(=O)[O-].[Na+],1.397940009,train,1.194624,anionic,0.0413374210088139,<rdkit.Chem.rdchem.Mol object at 0x000001BED60CC350>,20
173,CCCCCCCCC(CCCCCC)COCCOCCOCCOCCOCCOS(=O)(=O)[O-].[Na+],1.934498451,train,2.3715339,anionic,0.1909999580697518,<rdkit.Chem.rdchem.Mol object at 0x000001BED60CE8F0>,-1
174,CCCCCCOC(=O)CS(=O)(=O)[O-].[Na+],5.230448921,train,5.239033,anionic,7.369022706633712e-05,<rdkit.Chem.rdchem.Mol object at 0x000001BED60CECE0>,31
175,CCCCCCCCOC(=O)CS(=O)(=O)[O-].[Na+],4.8195439360000005,train,4.681043,anionic,0.0191824682653273,<rdkit.Chem.rdchem.Mol object at 0x000001BED60CDF50>,31
176,CCCCCCCCCCOC(=O)CS(=O)(=O)[O-].[Na+],4.342422681,train,4.259006,anionic,0.0069583387639908,<rdkit.Chem.rdchem.Mol object at 0x000001BED60CF0D0>,31
177,CCCCOC(=O)CC(C(=O)OCCCC)S(=O)(=O)[O-].[Na+],5.3010299960000005,train,4.9075975,anionic,0.1547890960106891,<rdkit.Chem.rdchem.Mol object at 0x000001BED60CE730>,32
178,CCCCCOC(=O)CC(C(=O)OCCCCC)S(=O)(=O)[O-].[Na+],4.72427587,test,4.17396,anionic,0.3028473268598296,<rdkit.Chem.rdchem.Mol object at 0x000001BED60CCD60>,32
179,CCCCC(CC)COC(=O)CC(C(=O)OCC(CC)CCCC)S(=O)(=O)[O-].[Na+],3.397940009,train,3.445899,anionic,0.0023000657485828,<rdkit.Chem.rdchem.Mol object at 0x000001BED60CEAB0>,-1
180,CCCCCCCCOC(=O)CC(C(=O)OCCCCCCCC)S(=O)(=O)[O-].[Na+],2.959041392,train,2.926036,anionic,0.0010893637535669,<rdkit.Chem.rdchem.Mol object at 0x000001BED60CFAE0>,32
181,CCCCCCCCCCCCC(C(=O)OCC)S(=O)(=O)[O-].[Na+],3.352182518,train,3.2424703,anionic,0.0120367785823516,<rdkit.Chem.rdchem.Mol object at 0x000001BED60CEEA0>,33
182,CCCCCCCCCCCCC(C(=O)OCCCC)S(=O)(=O)[O-].[Na+],3.1303337680000003,train,3.0910826,anionic,0.0015406563138727,<rdkit.Chem.rdchem.Mol object at 0x000001BED60CD700>,33
183,O=C([O-])C(F)(F)C(F)(F)C(F)(F)C(F)(F)C(F)(F)C(F)(F)C(F)(F)F.[K+],4.462397998,train,4.4689517,anionic,4.295103766523866e-05,<rdkit.Chem.rdchem.Mol object at 0x000001BED60CD150>,43
184,O=C([O-])C(F)(F)C(F)(F)C(F)(F)C(F)(F)C(F)(F)C(F)(F)C(F)(F)F.[Na+],4.477121255,train,4.742835,anionic,0.0706038181222104,<rdkit.Chem.rdchem.Mol object at 0x000001BED60CEB90>,43
185,O=C([O-])C(F)(F)C(F)(F)C(F)(F)C(F)(F)C(F)(F)C(F)(F)C(F)(F)F.[Li+],4.51851394,test,3.698588,anionic,0.6722787201881557,<rdkit.Chem.rdchem.Mol object at 0x000001BED60CE650>,43
186,O=C([O-])C(F)(F)C(F)(F)C(F)(F)C(F)(F)C(F)(C(F)(F)F)C(F)(F)F.[Na+],4.477121255,train,4.74178,anionic,0.0700441476803886,<rdkit.Chem.rdchem.Mol object at 0x000001BED60CE490>,43
187,O=C([O-])C(F)(F)C(F)(F)C(F)(F)C(F)(F)C(F)(F)C(F)(F)C(F)(F)C(F)(F)F.[Li+],3.69019608,train,3.624475,anionic,0.0043192600555192,<rdkit.Chem.rdchem.Mol object at 0x000001BED60CE0A0>,43
188,O=S(=O)([O-])C(F)(F)C(F)(F)C(F)(F)C(F)(F)C(F)(F)C(F)(F)C(F)(F)C(F)(F)F.[Li+],3.799340549,train,3.9097037,anionic,0.0121800320596655,<rdkit.Chem.rdchem.Mol object at 0x000001BED60CFC30>,43
189,CCCCCCOC(=O)CC(C(=O)OCCCCCC)S(=O)(=O)[O-].[Na+],3.1461280360000003,train,3.3185868,anionic,0.0297420343601769,<rdkit.Chem.rdchem.Mol object at 0x000001BED60CDCB0>,32
190,CCCCCCCCCCCCCCC(C(=O)OC)S(=O)(=O)[O-].[Na+],2.86332286,train,2.7114,anionic,0.0230805456543132,<rdkit.Chem.rdchem.Mol object at 0x000001BED60CFB50>,33
191,CCCCCCCCCC[N+](C)(C)CC(=O)[O-],4.255272505,train,4.2199063,zwitterionic,0.001250766326446,<rdkit.Chem.rdchem.Mol object at 0x000001BED60CF3E0>,28
192,CCCCCCCCCCCC[N+](C)(C)CC(=O)[O-],3.301029996,test,3.3279066,zwitterionic,0.0007223523038583,<rdkit.Chem.rdchem.Mol object at 0x000001BED60CFD80>,28
193,CCCCCCCCCCCCCC[N+](C)(C)CC(=O)[O-],2.342422681,train,2.1953406,zwitterionic,0.0216331287284637,<rdkit.Chem.rdchem.Mol object at 0x000001BED60CEDC0>,28
194,CCCCCCCCCCCCCCCC[N+](C)(C)CC(=O)[O-],1.301029996,train,1.188076,zwitterionic,0.0127586008552562,<rdkit.Chem.rdchem.Mol object at 0x000001BED60CF920>,28
195,CCCCCCCCCCCC[N+](C)(C)CCCC(=O)[O-],3.662757832,train,3.6600323,zwitterionic,7.428675466394666e-06,<rdkit.Chem.rdchem.Mol object at 0x000001BED60CFE60>,29
196,CCCCCCCCCCCC[N+](C)(C)CCCCCC(=O)[O-],3.414973348,train,2.8741112,zwitterionic,0.2925318896012778,<rdkit.Chem.rdchem.Mol object at 0x000001BED60CF7D0>,29
197,CCCCCCCCCCCC[N+](C)(C)CCCCCCCC(=O)[O-],3.176091259,test,1.740359,zwitterionic,2.061327266817607,<rdkit.Chem.rdchem.Mol object at 0x000001BED60CD7E0>,29
198,CCCCCCCCCCC(C(=O)[O-])[n+]1ccccc1,3.716003344,train,3.6469631,zwitterionic,0.0047665525980664,<rdkit.Chem.rdchem.Mol object at 0x000001BED60CD460>,40
199,CCCCCCCCCCCCC(C(=O)[O-])[n+]1ccccc1,2.77815125,train,2.6644678,zwitterionic,0.012923924169977,<rdkit.Chem.rdchem.Mol object at 0x000001BED60CC660>,40
200,CCCCCCCCCCCC[N+](C)(C)CCCS(=O)(=O)[O-],3.477121255,train,3.1565924,zwitterionic,0.1027387667093794,<rdkit.Chem.rdchem.Mol object at 0x000001BED60CC430>,23
201,CCCCCCCCCCCCCC[N+](C)(C)CCCS(=O)(=O)[O-],2.505149978,train,2.5014458,zwitterionic,1.3721154953872715e-05,<rdkit.Chem.rdchem.Mol object at 0x000001BED5ED28F0>,23
