,fingerprint_index,SMILES,weight,selected,above_threshold_occurence,norm_weight,above_threshold_occurance
1562328517,0,[CH3],,False,,,False
2327569918,1,[CH2],0.2311286437669222,False,,-0.1348904894868483,False
1601422510,2,[CH],,False,,,False
1384807378,3,[OH],,False,,,False
2590655816,4,[CH3][CH2],,False,,,False
3612856161,5,[CH3][CH2][CH2],,False,,,False
4029379886,6,[CH2][CH2][CH2],0.7640039428516571,False,,-0.4848944584524241,False
1276182380,7,[CH2][CH2][CH],-0.3179309132823747,False,,-0.2244097754526039,False
1202638763,8,[CH2][CH]([CH2])[OH],-0.2619401443373336,False,,-0.0442759654941798,False
2951080420,9,[CH][OH],,False,,,False
3805832141,10,[CH][CH2][OH],,False,,,False
799491322,11,[CH2][OH],-0.0308450844899653,False,,-0.0832317326553536,False
3283844714,12,[CH3][CH2][CH2][CH2],0.0005801894524419,False,,0.0166039638879912,False
385120156,13,[CH3][CH2][CH2][CH2][CH2],,False,,,False
1574479333,14,[CH2][CH2][CH2][CH2][CH2],0.7932605848281453,False,,-0.6193454570505834,False
2710357938,15,[CH2][CH2][CH2][CH2][CH],,False,,,False
578328089,16,[CH2][CH2][CH2][CH]([CH2])[OH],,False,,,False
3092176364,17,[CH2][CH2][CH]([OH])[CH2][OH],,False,,,False
801467784,18,[CH2][CH]([OH])[CH2][OH],,False,,,False
1654312659,19,[CH2][CH2][OH],-0.0849167178910116,False,,-0.0511853146972551,False
3295517592,20,[CH2][CH2][CH]([OH])[CH2][CH2],,False,,,False
506738808,21,[CH2][CH]([OH])[CH2][CH2][OH],,False,,,False
4190410062,22,[CH][CH2][CH2][OH],,False,,,False
2234426345,23,[O],,False,,,False
1172731036,24,[CH2][CH2][O],,False,,,False
3084789070,25,[CH2][O][CH2],,False,,,False
439219589,26,[CH2][CH2][CH2][CH2][O],,False,,,False
3899239722,27,[CH2][CH2][O][CH2][CH2],,False,,,False
1637092228,28,[CH2][O][CH2][CH2][OH],-0.0813549985409975,False,,-0.0427865223457589,False
1113958265,29,[O][CH2][CH2][OH],-0.0813549985409975,False,,-0.0427865223457589,False
2674925467,30,[C],,False,,,False
2458493159,31,[O],,False,,,False
272970254,32,[N],-0.1392286983460883,False,,-0.0449634287340089,False
2063681763,33,[C][CH2][CH2],,False,,,False
2967134434,34,[CH2][C]([N])=[O],,False,,,False
1352712914,35,[C]=[O],,False,,,False
3427180722,36,[C][N]([CH2])[CH2],,False,,,False
2753223836,37,[CH2][CH2][N],-0.0326891410992856,False,,-0.0091116170004148,False
365859906,38,[C][CH2][CH2][CH2][CH2],,False,,,False
4052032810,39,[CH2][CH2][CH2][C]([N])=[O],,False,,,False
3557641287,40,[CH2][CH2][C](=[O])[N]([CH2])[CH2],,False,,,False
2546678617,41,[CH2][CH2][N]([CH2][CH2])[C]([CH2])=[O],,False,,,False
891929166,42,[C][N]([CH2])[CH2][CH2][OH],,False,,,False
1103433085,43,[N][CH2][CH2][OH],,False,,,False
3117297370,44,[S],,False,,,False
4270019529,45,[C],-0.0185012625151322,False,,-0.0475955905782091,False
748993029,46,[F],-0.0080312991032339,False,,-0.0712896596499672,False
4267936983,47,[CH2][CH2][S],,False,,,False
409271570,48,[CH2][S][CH2],,False,,,False
3640497695,49,[CH2][CH2][C],,False,,,False
1001005300,50,[CH2][C]([C])([F])[F],,False,,,False
356939628,51,[C][F],-0.0080312991032339,False,,-0.0712896596499672,False
1968395370,52,[C][C]([C])([F])[F],-0.0270017430511954,False,,-0.0331657929844431,False
3140242350,53,[C][C]([F])([F])[F],,False,,,False
270656494,54,[CH2][O][CH2][CH2][S],-0.2656195217312682,False,,-0.0644221967249449,False
23781402,55,[CH2][S][CH2][CH2][O],,False,,,False
2873753161,56,[CH2][CH2][S][CH2][CH2],,False,,,False
2863356391,57,[C][CH2][CH2][S][CH2],,False,,,False
2396470104,58,[C][C]([F])([F])[CH2][CH2][S],,False,,,False
1617552634,59,[CH2][CH2][C]([F])([F])[C]([C])([F])[F],,False,,,False
3593970757,60,[CH2][C]([F])([F])[C]([F])([F])[C]([C])([F])[F],,False,,,False
1080950967,61,[C][C]([F])([F])[C]([F])([F])[C]([C])([F])[F],-0.0622274580996066,False,,-0.0408581090313971,False
2202356979,62,[C][C]([F])([F])[C]([F])([F])[C]([F])([F])[F],,False,,,False
2183570019,63,[C][C]([F])([F])[C]([F])([F])[F],,False,,,False
4241214875,64,[NH],,False,,,False
3921851556,65,[CH2][CH2][NH],,False,,,False
2091023532,66,[C][NH][CH2],,False,,,False
4243704389,67,[CH][C]([NH])=[O],,False,,,False
1891596324,68,[C][CH]([CH])[OH],,False,,,False
2077747447,69,[CH][CH]([CH])[OH],,False,,,False
2782126479,70,[CH][CH]([CH])[O],,False,,,False
2342978066,71,[CH][O][CH],,False,,,False
2888133247,72,[CH][CH]([O])[O],,False,,,False
846922287,73,[CH2][CH]([CH])[O],,False,,,False
4220863977,74,[CH][CH]([CH2])[OH],,False,,,False
2851215217,75,[CH2][CH2][CH2][CH2][NH],,False,,,False
2632238000,76,[CH2][CH2][NH][C]([CH])=[O],,False,,,False
882191708,77,[CH2][NH][C](=[O])[CH]([CH])[OH],,False,,,False
2000876983,78,[CH][CH]([OH])[CH]([OH])[C]([NH])=[O],,False,,,False
2954916399,79,[C][CH]([OH])[CH]([OH])[CH]([CH])[O],,False,,,False
4230557049,80,[CH][O][CH]([CH]([CH])[OH])[CH]([CH2])[OH],,False,,,False
797187887,81,[CH][CH]([CH])[O][CH]([CH])[O],,False,,,False
3125979408,82,[CH][O][CH]([O][CH])[CH]([CH])[OH],,False,,,False
2682915788,83,[CH2][CH]([CH])[O][CH]([CH])[O],,False,,,False
3160534101,84,[CH][O][CH]([CH2][OH])[CH]([CH])[OH],,False,,,False
650115776,85,[CH][CH]([O])[CH2][OH],,False,,,False
3395682584,86,[CH2][CH]([O])[CH]([OH])[CH]([CH])[OH],,False,,,False
413003485,87,[CH][CH]([OH])[CH]([OH])[CH]([CH])[OH],,False,,,False
3829764146,88,[CH][CH]([OH])[CH]([OH])[CH]([O])[O],,False,,,False
1526145709,89,[CH][CH]([O])[CH]([OH])[CH2][OH],,False,,,False
3549499359,90,[CH][CH]([OH])[CH2][OH],,False,,,False
823692810,91,[c],,False,,,False
3717624223,92,[cH],,False,,,False
3023475870,93,[O],-0.1315393520718849,False,,-0.0777114530351522,False
2998707833,94,[CH3][C],-0.022223422054667,False,,-0.0294416482570525,False
1261893026,95,[CH3][C]([CH3])([CH3])[CH2],-0.1365153069072405,False,,-0.0294416482570525,False
2516902529,96,[C][CH2][C],-0.1365153069072405,False,,-0.0294416482570525,False
2268261086,97,[c][C]([CH2])([CH3])[CH3],-0.1365153069072405,False,,-0.0294416482570525,False
2109266033,98,[cH][c]([cH])[C],-0.1365153069072405,False,,-0.0294416482570525,False
2147637259,99,[c][cH][cH],,False,,,False
2100032007,100,[cH][c]([cH])[O],-0.1365153069072405,False,,-0.0294416482570525,False
3188168535,101,[c][O][CH2],-0.1365153069072405,False,,-0.0294416482570525,False
3605008363,102,[CH2][CH2][O],,False,,,False
3185120398,103,[C][CH2][C]([CH3])([CH3])[CH3],-0.1365153069072405,False,,-0.0294416482570525,False
501671658,104,[c][C]([CH3])([CH3])[CH2][C]([CH3])([CH3])[CH3],-0.1365153069072405,False,,-0.0294416482570525,False
3541052046,105,[cH][c]([cH])[C]([CH3])([CH3])[CH2][C],-0.1365153069072405,False,,-0.0294416482570525,False
1051547202,106,[cH][cH][c]([cH][cH])[C]([CH2])([CH3])[CH3],-0.1365153069072405,False,,-0.0294416482570525,False
418590412,107,[c][cH][cH][c]([cH])[C],-0.065082878874382,False,,-0.0294416482570525,False
3798876652,108,[c][cH][cH][c]([cH])[O],-0.065082878874382,False,,-0.0294416482570525,False
3261174473,109,[cH][cH][c]([cH][cH])[O][CH2],-0.1365153069072405,False,,-0.0294416482570525,False
3046844579,110,[cH][c]([cH])[O][CH2][CH2],-0.1365153069072405,False,,-0.0294416482570525,False
3183394848,111,[c][O][CH2][CH2][O],-0.1365153069072405,False,,-0.0294416482570525,False
304633600,112,[CH2][O][CH2][CH2][O],,False,,,False
1946083342,113,[CH],-0.0421545737637346,False,,-0.0162149519351585,False
405168047,114,[CH][CH2][CH2],-0.0421545737637346,False,,-0.0162149519351585,False
397384550,115,[CH]=[CH][CH2],-0.0421545737637346,False,,-0.0162149519351585,False
3145721955,116,[CH2][C](=[O])[O],,False,,,False
1728803276,117,[C][O][C],,False,,,False
3510442028,118,[CH][C]([O])([O])[O],,False,,,False
3522278113,119,[C][O][C],,False,,,False
4160119529,120,[CH2][C]([CH])([O])[O],,False,,,False
1246506466,121,[C][CH2][OH],,False,,,False
590564413,122,[C][O][CH],,False,,,False
3544426200,123,[C][CH]([CH])[OH],0.1073233016463062,False,,0.0272608289901274,False
230611379,124,[CH][CH2][CH2][CH2][CH2],-0.0270993688481152,False,,-0.0162149519351586,False
2348678886,125,[CH2][CH]=[CH][CH2][CH2],-0.0421545737637346,False,,-0.0162149519351585,False
65521271,126,[CH][CH2][CH2][CH2][CH2],-0.0873201885105933,False,,-0.0162149519351585,False
1677354821,127,[CH2][CH2][CH2][C](=[O])[O],,False,,,False
2377840407,128,[CH2][CH2][C](=[O])[O][C],,False,,,False
3178605751,129,[CH2][C](=[O])[O][C]([CH])([O])[O],,False,,,False
1259595693,130,[C][O][C]([O][C])([O][CH])[CH]([CH])[OH],,False,,,False
428391211,131,[CH2][C]([CH])([O])[O][C]([CH])([O])[O],,False,,,False
984772181,132,[C][O][C]1([CH2][OH])[O][CH][CH][CH]1[OH],,False,,,False
1565748324,133,[CH][C]([O])([O])[CH2][OH],,False,,,False
2750663944,134,[CH2][CH]1[CH][CH][C]([CH2])([O])[O]1,,False,,,False
3074847232,135,[OH][CH2][CH]1[O][C][CH][CH]1[OH],,False,,,False
950337476,136,[CH2][CH]1[O][C][CH]([OH])[CH]1[OH],,False,,,False
4292541488,137,[CH2][C]1([O])[O][CH][CH]([OH])[CH]1[OH],,False,,,False
3959635949,138,[CH2][CH]([CH])[O][C]([CH])([O])[O],,False,,,False
3932098561,139,[C][CH]([OH])[CH]([OH])[CH]([CH])[OH],-1.5165056220785789,False,,-0.160749274442102,False
2955546325,140,[CH][CH]([OH])[CH]([OH])[C]([O])([O])[O],,False,,,False
4103019142,141,[CH2][C]([CH2])=[O],,False,,,False
857176388,142,[C][CH2][C],,False,,,False
10856466,143,[CH2][C]([NH])=[O],,False,,,False
3231315694,144,[C][NH][CH],,False,,,False
706580967,145,[C][CH]([CH2])[NH],,False,,,False
2363596439,146,[C][O][CH2],,False,,,False
1194035764,147,[CH][C](=[O])[O],,False,,,False
2484777265,148,[CH2][CH2][CH2][C]([CH2])=[O],,False,,,False
3129807539,149,[C][CH2][C](=[O])[CH2][CH2],,False,,,False
979005520,150,[CH2][C](=[O])[CH2][C]([NH])=[O],,False,,,False
2972100609,151,[C][CH2][C](=[O])[NH][CH],,False,,,False
1247508853,152,[C][CH]([CH2])[NH][C]([CH2])=[O],,False,,,False
3208541561,153,[C][NH][CH]1[CH2][CH2][O][C]1=[O],-0.4068143226627487,False,,-0.0613295667097687,False
2586151204,154,[NH][CH]1[C][O][CH2][CH2]1,-0.4068143226627487,False,,-0.0613295667097687,False
1289733356,155,[C]1[CH][CH2][CH2][O]1,-0.4068143226627487,False,,-0.0613295667097687,False
2670676641,156,[O]=[C]1[CH][CH2][CH2][O]1,,False,,,False
754917428,157,[NH][CH]1[CH2][CH2][O][C]1=[O],-0.4068143226627487,False,,-0.0613295667097687,False
2478409086,158,[CH2][CH2][CH2][C]([NH])=[O],,False,,,False
2711658528,159,[CH2][CH2][C](=[O])[NH][CH],,False,,,False
3528365884,160,[CH][CH2][O],,False,,,False
3859127983,161,[CH2][CH2][O][CH2][CH],,False,,,False
4290481548,162,[O][CH2][CH]([OH])[CH2][OH],,False,,,False
199601932,163,[CH2][O][CH],,False,,,False
80344395,164,[CH2][CH2][CH2][O][CH],-0.0944202137317486,False,,-0.024088955505644,False
4214249077,165,[CH2][CH2][O][CH]([CH])[O],,False,,,False
1174850375,166,[CH2][O][CH]([O][CH])[CH]([CH])[OH],,False,,,False
1359030268,167,[CH3][CH2][CH2][CH2][O],,False,,,False
2070529719,168,[CH2][O][CH2][CH]([CH])[OH],,False,,,False
62181279,169,[CH][CH]([OH])[CH]([OH])[CH2][O],,False,,,False
1492256456,170,[CH2][CH]([OH])[CH]([OH])[CH]([CH2])[OH],,False,,,False
3394930777,171,[CH][CH]([OH])[CH]([OH])[CH2][OH],,False,,,False
1792771497,172,[CH][CH2][O],,False,,,False
3552614577,173,[CH2][CH2][C](=[O])[O][CH2],,False,,,False
864024336,174,[C][O][CH2][CH]([CH])[OH],,False,,,False
4186520776,175,[CH][CH]([OH])[CH]([OH])[CH2][O],,False,,,False
1591887419,176,[C][CH2][CH2][CH2][CH3],,False,,,False
1113065109,177,[CH][CH2][S],,False,,,False
1527591319,178,[CH3][CH2][CH2][CH2][S],,False,,,False
1461558302,179,[CH2][CH2][S][CH2][CH],,False,,,False
4219504678,180,[CH][CH]([OH])[CH]([OH])[CH2][S],,False,,,False
1008153002,181,[CH2][CH]([CH2])[O],,False,,,False
4067861211,182,[CH2][CH2][CH2][CH]([CH2])[O],,False,,,False
1422093470,183,[CH2][CH2][CH]([CH2][CH2])[O][CH],,False,,,False
2138049354,184,[CH][CH2][CH2][CH2][CH3],,False,,,False
3395466208,185,[CH2][CH]([CH2])[O][CH]([CH])[O],,False,,,False
1461019263,186,[CH][CH2][CH3],,False,,,False
1863678602,187,[CH2][CH2][CH]([CH2][CH3])[O][CH],,False,,,False
2730636930,188,[CH3][CH2][CH]([CH2])[O],,False,,,False
3046547065,189,[CH2][CH]([CH3])[O],,False,,,False
438888534,190,[CH][CH3],,False,,,False
3830652778,191,[CH2][CH2][CH2][CH]([CH3])[O],,False,,,False
3376165284,192,[CH2][CH2][CH]([CH3])[O][CH],,False,,,False
3695644241,193,[CH2][CH]([CH3])[O][CH]([CH])[O],,False,,,False
2312068314,194,[CH3][CH2][CH2][CH]([CH2])[O],,False,,,False
1072634941,195,[CH][CH2][CH2][CH3],,False,,,False
1707814329,196,[CH][CH]([O])[OH],,False,,,False
500202114,197,[C][O][CH2][CH]([CH])[O],,False,,,False
2410830020,198,[CH][O][CH]([CH2][O])[CH]([CH])[OH],,False,,,False
1842502174,199,[CH2][CH]([CH])[O][CH]([CH])[O],,False,,,False
2441492553,200,[CH][CH]([CH])[O][CH]([CH])[O],,False,,,False
1270027616,201,[CH][O][CH]([CH]([CH2])[O])[CH]([CH])[OH],,False,,,False
1344233445,202,[CH][O][CH]([CH2][OH])[CH]([CH])[O],,False,,,False
2566696705,203,[CH][CH]([CH2])[O][CH]([CH])[OH],,False,,,False
3429485852,204,[CH][O][CH]([OH])[CH]([CH])[OH],,False,,,False
2738674922,205,[CH][CH]([OH])[CH]([OH])[CH]([O])[OH],,False,,,False
1608819205,206,[CH][CH]([O])[CH]([OH])[CH]([CH])[OH],,False,,,False
2375242104,207,[CH][CH]([OH])[CH]([OH])[CH]([O])[O],,False,,,False
1367904640,208,[CH2][CH]([O])[CH]([OH])[CH]([CH])[OH],,False,,,False
1974114355,209,[CH2][CH]([CH2])[S],,False,,,False
2757719888,210,[CH][S][CH2],-0.2458368184065841,False,,-0.0370612948322443,False
2534237434,211,[C][CH2][O],,False,,,False
187571206,212,[CH2][C]([CH])([CH])[OH],,False,,,False
124889035,213,[C][OH],,False,,,False
2158028395,214,[CH2][CH2][CH2][CH]([CH2])[S],,False,,,False
1197860719,215,[CH2][CH2][CH]([CH2][CH2])[S][CH2],,False,,,False
643914724,216,[CH2][CH2][CH2][CH2][CH3],,False,,,False
2659071483,217,[CH2][CH2][S][CH]([CH2])[CH2],,False,,,False
2988209615,218,[C][CH2][CH2][S][CH],,False,,,False
2343956345,219,[O]=[C]([O])[CH2][CH2][S],,False,,,False
3404992163,220,[C][CH2][O][C]([CH2])=[O],,False,,,False
2206544704,221,[C][O][CH2][C]([CH])([CH])[OH],,False,,,False
1839403279,222,[O][CH2][C]1([OH])[CH]([OH])[CH][CH][CH]1[OH],,False,,,False
1792295829,223,[CH2][C]1([OH])[CH][CH][CH]([OH])[CH]1[OH],,False,,,False
330985608,224,[OH][CH]1[C][CH][CH]([OH])[CH]1[OH],,False,,,False
3086966451,225,[C][N]([CH3])[CH2],-0.056033384587163,False,,-0.0175018889246565,False
3209374481,226,[CH3][N],-0.056033384587163,False,,-0.0175018889246565,False
609776002,227,[CH][CH2][N],,False,,,False
56464229,228,[CH2][CH2][C](=[O])[N]([CH3])[CH2],,False,,,False
3613555598,229,[CH][CH2][N]([CH3])[C]([CH2])=[O],-0.056033384587163,False,,-0.0175018889246565,False
258646059,230,[C][N]([CH3])[CH2][CH]([CH])[OH],,False,,,False
2990791772,231,[CH][CH]([OH])[CH]([OH])[CH2][N],,False,,,False
3838413962,232,[CH2][CH]([OH])[CH]([OH])[CH]([CH])[OH],0.5716972838266566,False,,0.060599790886165,False
2762368159,233,[CH][CH]([OH])[CH]([OH])[CH]([CH2])[OH],,False,,,False
107553618,234,[CH][O][CH]([O][CH2])[CH]([CH])[OH],,False,,,False
4116473328,235,[CH][CH2][O][CH]([CH])[O],,False,,,False
2844928370,236,[CH][O][CH2][CH]([CH])[O],,False,,,False
1972349843,237,[CH][O][CH]([CH2][O])[CH]([CH])[OH],,False,,,False
1217419212,238,[CH][O][CH]([O][C])[CH]([CH])[OH],,False,,,False
3825638760,239,[CH][CH]([O])[O][C]([CH2])([CH])[O],,False,,,False
541352221,240,[CH][O][C]1([CH2][OH])[O][CH][CH][CH]1[OH],,False,,,False
3322808449,241,[CH][CH]([O])[S],-0.1345041212432673,False,,-0.0142574083369981,False
819598549,242,[C][O][CH],-0.1345041212432673,False,,-0.0142574083369981,False
4089211820,243,[CH2][CH2][S][CH]([CH])[O],-0.1345041212432673,False,,-0.0142574083369981,False
1938756408,244,[CH2][S][CH]1[O][C][CH][CH]1[OH],-0.1345041212432673,False,,-0.0142574083369981,False
3631579404,245,[O]=[C]1[CH][CH][CH]([S])[O]1,-0.1345041212432673,False,,-0.0142574083369981,False
1190467021,246,[O]=[C]1[O][CH][CH][CH]1[OH],-0.1345041212432673,False,,-0.0142574083369981,False
2264995724,247,[O]=[C]1[O][CH][CH]([OH])[CH]1[OH],-0.1345041212432673,False,,-0.0142574083369981,False
1134592437,248,[OH][CH]1[C][O][CH]([S])[CH]1[OH],-0.1345041212432673,False,,-0.0142574083369981,False
576997461,249,[CH][CH]([CH])[NH],,False,,,False
3360188559,250,[CH2][C](=[O])[NH][CH]([CH])[CH],,False,,,False
531326834,251,[C][NH][CH]([CH]([CH])[OH])[CH]([OH])[O],,False,,,False
479331271,252,[CH][O][CH]([OH])[CH]([CH])[NH],,False,,,False
2974123614,253,[CH2][CH]([CH])[O][CH]([CH])[OH],,False,,,False
503517475,254,[CH][CH]([NH])[CH]([OH])[CH]([CH])[OH],,False,,,False
731038629,255,[CH][CH]([NH])[O],,False,,,False
3454762462,256,[CH2][C](=[O])[NH][CH]([CH])[O],,False,,,False
2686948381,257,[C][NH][CH]([O][CH])[CH]([CH])[OH],,False,,,False
3753668579,258,[CH2][CH]([CH])[O][CH]([CH])[NH],,False,,,False
2778866452,259,[CH][CH]([OH])[CH]([OH])[CH]([NH])[O],,False,,,False
656876932,260,[CH3][CH]([CH3])[CH2],,False,,,False
6004683,261,[CH2][CH]([CH3])[CH2],,False,,,False
1031766201,262,[CH2][CH2][CH]([CH3])[CH3],,False,,,False
4090333420,263,[CH2][CH2][CH2][CH]([CH3])[CH3],,False,,,False
4171077404,264,[CH][CH2][CH2][CH2][CH],,False,,,False
3101776533,265,[CH2][CH2][CH2][CH]([CH3])[CH2],,False,,,False
17269295,266,[CH2][CH2][CH]([CH3])[CH2][CH2],,False,,,False
4279503605,267,[CH2][CH]([CH3])[CH2][CH2][O],,False,,,False
2284864553,268,[CH][CH]([OH])[CH]([OH])[CH]([CH])[O],,False,,,False
590478354,269,[NH2],,False,,,False
875996848,270,[CH][CH]([CH])[NH2],,False,,,False
136263921,271,[CH][NH2],,False,,,False
463173693,272,[CH2][O][CH]([O][CH])[CH]([CH])[NH2],,False,,,False
675949746,273,[CH][CH]([NH2])[CH]([OH])[CH]([CH])[OH],,False,,,False
1432415764,274,[CH][CH]([OH])[CH]([NH2])[CH]([O])[O],,False,,,False
216099488,275,[CH][C]([N])=[O],,False,,,False
428695425,276,[CH2][CH2][CH2][CH2][N],,False,,,False
3647690989,277,[C][N]([CH3])[CH2][CH2][CH2],,False,,,False
3557618729,278,[CH][CH]([OH])[C](=[O])[N]([CH2])[CH3],,False,,,False
2956680986,279,[CH][CH]([OH])[CH]([OH])[C]([N])=[O],,False,,,False
4149821175,280,[C][CH]([OH])[CH]([OH])[CH]([CH])[OH],,False,,,False
4080976508,281,[C][N]([CH3])[CH2][CH]([CH2])[OH],,False,,,False
2022982414,282,[N][CH2][CH]([OH])[CH2][OH],,False,,,False
4172411022,283,[CH2][CH2][C](=[O])[NH][CH2],,False,,,False
3321205534,284,[CH2][CH2][NH][C]([CH2])=[O],,False,,,False
1232916925,285,[C][NH][CH2][CH2][O],,False,,,False
4041426911,286,[CH][O][CH2][CH2][NH],,False,,,False
2746269778,287,[CH2][CH]([OH])[CH]([OH])[CH]([CH])[O],,False,,,False
1010039766,288,[CH][CH]([O])[S],,False,,,False
2740392073,289,[CH2][CH2][S][CH]([CH])[O],,False,,,False
2079373589,290,[CH][O][CH]([S][CH2])[CH]([CH])[OH],,False,,,False
810603408,291,[CH2][CH]([CH])[O][CH]([CH])[S],,False,,,False
477222795,292,[CH][CH]([OH])[CH]([OH])[CH]([O])[S],,False,,,False
3740462107,293,[N+],-0.0442654946349209,False,,-0.0185952271640785,False
844229768,294,[Br-],0.470834662276982,False,,0.1617455310052634,False
1262954839,295,[CH2][CH2][N+],,False,,,False
1538239834,296,[CH2][N+]([CH3])([CH3])[CH3],,False,,,False
554047793,297,[CH3][N+],,False,,,False
1037024721,298,[Br-],0.470834662276982,False,,0.1617455310052634,False
311646905,299,[CH2][CH2][CH2][CH2][N+],0.1429401046099791,False,,0.0574061274490402,False
2288842048,300,[CH2][CH2][CH2][N+]([CH3])([CH3])[CH3],,False,,,False
1170563728,301,[CH2][CH2][N+]([CH3])([CH3])[CH3],,False,,,False
2391518085,302,[Cl-],0.5346836778517122,False,,0.1364111646893376,False
1106524587,303,[Cl-],0.5346836778517122,False,,0.1364111646893376,False
292106712,304,[n+],,False,,,False
1213582049,305,[CH2][CH2][n+],,False,,,False
4224121381,306,[cH][n+]([cH])[CH2],,False,,,False
2175849417,307,[cH][cH][n+],,False,,,False
538526509,308,[cH][cH][cH],,False,,,False
972873811,309,[CH2][CH2][CH2][CH2][n+],,False,,,False
1595625795,310,[cH][n+]([cH])[CH2][CH2][CH2],,False,,,False
493220443,311,[cH][cH][n+]([cH][cH])[CH2][CH2],,False,,,False
1456254972,312,[cH][cH][cH][n+]([cH])[CH2],,False,,,False
1560847896,313,[cH][cH][cH][cH][n+],,False,,,False
3366140421,314,[cH][cH][cH][cH][cH],,False,,,False
1403359650,315,[cH][cH][cH][cH][n+],,False,,,False
946010473,316,[I-],,False,,,False
2400012005,317,[I-],,False,,,False
2094208789,318,[CH2][N+]([CH3])([CH3])[CH2],,False,,,False
1815843608,319,[CH3][CH2][N+],,False,,,False
4090825537,320,[CH2][CH2][CH2][N+]([CH3])([CH3])[CH2],,False,,,False
2710752997,321,[CH2][CH2][N+]([CH3])([CH3])[CH2][CH3],,False,,,False
1840697550,322,[CH3][CH2][N+]([CH2])([CH3])[CH3],,False,,,False
3660263652,323,[CH2][CH2][N+]([CH3])([CH3])[CH2][CH2],,False,,,False
165855850,324,[CH3][CH2][CH2][CH2][N+],,False,,,False
1918581867,325,[CH2][CH2][CH2][CH2][N+],0.2685543098107734,False,,0.045393963512451,False
1279671149,326,[CH2][N+]([CH2])([CH2])[CH2],,False,,,False
1761078778,327,[CH2][CH2][CH2][N+]([CH2])([CH2])[CH2],,False,,,False
60312599,328,[CH2][CH2][N+]([CH2][CH3])([CH2][CH3])[CH2][CH3],,False,,,False
4136908405,329,[CH3][CH2][N+]([CH2])([CH2])[CH2],,False,,,False
3808646317,330,[CH2][CH2][N+]([CH2][CH2])([CH2][CH2])[CH2][CH2],,False,,,False
601571203,331,[CH3][CH2][CH2][N+]([CH2])([CH2])[CH2],,False,,,False
2364571958,332,[CH3][CH2][CH2][N+],,False,,,False
4069203290,333,[c][CH2][N+],,False,,,False
2328568947,334,[cH][c]([cH])[CH2],,False,,,False
1727992030,335,[c][CH2][N+]([CH3])([CH3])[CH2][CH2],,False,,,False
2276646713,336,[cH][c]([cH])[CH2][N+]([CH2])([CH3])[CH3],,False,,,False
2081709571,337,[cH][cH][c]([cH][cH])[CH2][N+],,False,,,False
543723298,338,[cH][cH][cH][c]([cH])[CH2],,False,,,False
738555982,339,[c][cH][cH][cH][cH],,False,,,False
2337666094,340,[c][cH][cH][cH][cH],,False,,,False
3517547412,341,[NH2+],,False,,,False
1488711112,342,[CH2][CH2][NH2+],,False,,,False
2948379083,343,[CH2][NH2+][CH2],,False,,,False
2574349132,344,[CH2][CH2][CH2][CH2][NH2+],,False,,,False
3316109898,345,[CH2][CH2][NH2+][CH2][CH2],,False,,,False
1246114403,346,[CH2][NH2+][CH2][CH2][OH],0.8369089160734734,False,,0.1089562603737472,False
3241746864,347,[NH2+][CH2][CH2][OH],,False,,,False
2935783901,348,[NH+],,False,,,False
3728198525,349,[CH2][CH2][NH+],,False,,,False
2067180195,350,[CH2][NH+][CH2],,False,,,False
4242421432,351,[CH2][CH2][CH2][CH2][NH+],,False,,,False
1310335162,352,[CH2][CH2][NH+][CH2][CH2],,False,,,False
2761319492,353,[NH+][CH2][CH2][OH],,False,,,False
2873723388,354,[N+],,False,,,False
1524886116,355,[CH2][CH2][N+],,False,,,False
2891160432,356,[CH2][N+][CH2],,False,,,False
992569083,357,[CH2][CH2][CH2][CH2][N+],,False,,,False
1735785154,358,[CH2][CH2][N+][CH2][CH2],,False,,,False
1667314695,359,[N+][CH2][CH2][OH],,False,,,False
299052931,360,[O-],,False,,,False
3008208262,361,[Na+],0.2000875978626009,False,,0.0727162134121383,False
3595170736,362,[C][CH]([CH])[NH],,False,,,False
3936552113,363,[CH][C](=[O])[O-],0.5448045412536887,False,,0.0821323748827356,False
1329817643,364,[C][O-],,False,,,False
2808449178,365,[CH][CH]([CH3])[CH3],,False,,,False
2596810686,366,[Na+],0.2000875978626009,False,,0.0727162134121383,False
734009848,367,[C][CH]([CH])[NH][C]([CH2])=[O],,False,,,False
900855539,368,[C][NH][CH]([C](=[O])[O-])[CH]([CH3])[CH3],,False,,,False
3153646537,369,[CH][CH]([NH])[C](=[O])[O-],,False,,,False
2059505565,370,[C][CH]([NH])[CH]([CH3])[CH3],,False,,,False
3427947122,371,[CH][CH2][CH],,False,,,False
2272068275,372,[C][NH][CH]([CH2][CH])[C](=[O])[O-],,False,,,False
3633011374,373,[C][CH]([NH])[CH2][CH]([CH3])[CH3],,False,,,False
2168720123,374,[CH][CH2][CH]([CH3])[CH3],,False,,,False
3663967044,375,[CH2][CH]([NH])[C](=[O])[O-],,False,,,False
4105193000,376,[S],,False,,,False
550181108,377,[O-],,False,,,False
1782541611,378,[CH2][CH2][S],,False,,,False
220507427,379,[CH2][S](=[O])(=[O])[O-],0.3285427464630279,False,,0.0838194628931328,False
1100932890,380,[O]=[S],,False,,,False
2755706548,381,[O-][S],,False,,,False
1123550740,382,[CH2][CH2][CH2][CH2][S],0.4150091432576105,False,,0.0770652632037905,False
3151805240,383,[CH2][CH2][CH2][S](=[O])(=[O])[O-],,False,,,False
3300213642,384,[CH2][CH2][S](=[O])(=[O])[O-],,False,,,False
297985192,385,[Li+],,False,,,False
3938820313,386,[Li+],,False,,,False
753708477,387,[NH4+],,False,,,False
1796912973,388,[NH4+],,False,,,False
2410483893,389,[K+],,False,,,False
182369815,390,[K+],,False,,,False
768228683,391,[CH2][O][S],,False,,,False
1255275843,392,[O]=[S](=[O])([O-])[O],,False,,,False
4249255335,393,[CH2][CH2][CH2][O][S],0.7349270850910361,False,,0.0779021152155751,False
355116648,394,[CH2][CH2][O][S](=[O])(=[O])[O-],,False,,,False
1650069182,395,[CH2][O][S](=[O])(=[O])[O-],,False,,,False
2448537353,396,[CH][O][S],,False,,,False
2726060002,397,[CH3][N+]([CH3])([CH3])[CH3],,False,,,False
2463844915,398,[CH2][CH2][CH]([CH2][CH3])[O][S],,False,,,False
3862357161,399,[CH2][CH]([CH2])[O][S](=[O])(=[O])[O-],,False,,,False
63008307,400,[CH][O][S](=[O])(=[O])[O-],,False,,,False
3882811079,401,[O]=[S](=[O])([O-])[CH2][CH2][O],,False,,,False
3132304839,402,[O][CH2][CH2][O][S],,False,,,False
2078433738,403,[CH2][CH]([CH2])[CH2],-0.2485914250041484,False,,-0.0419229398053491,False
1760521815,404,[CH2][CH2][CH2][CH]([CH2])[CH2],-0.2366764310680117,False,,-0.0650717461365201,False
1226503657,405,[CH2][CH2][CH]([CH2][CH2])[CH2][O],,False,,,False
2856314907,406,[CH][CH2][O][CH2][CH2],,False,,,False
573136012,407,[C][CH2][S],,False,,,False
3325958671,408,[CH2][CH2][O][C]([CH2])=[O],,False,,,False
3707818334,409,[CH2][O][C](=[O])[CH2][S],,False,,,False
510030028,410,[O]=[C]([O])[CH2][S](=[O])(=[O])[O-],,False,,,False
3560131499,411,[C][CH2][S](=[O])(=[O])[O-],,False,,,False
3342516897,412,[C][CH2][CH],,False,,,False
2850048104,413,[C][CH]([CH2])[S],,False,,,False
4050702196,414,[CH][S](=[O])(=[O])[O-],,False,,,False
1493468537,415,[CH3][CH2][CH2][CH2][O],,False,,,False
2992371772,416,[CH][CH2][C](=[O])[O][CH2],,False,,,False
1288328556,417,[C][CH]([S])[CH2][C](=[O])[O],,False,,,False
425444820,418,[C][CH2][CH]([C](=[O])[O])[S](=[O])(=[O])[O-],,False,,,False
152678003,419,[CH2][O][C](=[O])[CH]([CH2])[S],,False,,,False
3514928528,420,[CH3][CH2][CH2][CH2][O],0.2242402904308764,False,,0.0237694232468739,False
2220194061,421,[C][CH]([CH2])[S](=[O])(=[O])[O-],,False,,,False
2855826321,422,[CH2][CH2][CH2][CH2][O],-0.6164466155854675,False,,-0.0653432105657691,False
3936359883,423,[CH3][CH2][CH2][CH2][CH],,False,,,False
1565451838,424,[CH2][CH2][CH]([CH2][CH3])[CH2][O],,False,,,False
4268782461,425,[CH3][CH2][CH]([CH2])[CH2],,False,,,False
553213936,426,[C][O][CH2][CH]([CH2])[CH2],,False,,,False
518466049,427,[CH3][CH2][CH]([CH2][CH2])[CH2][O],,False,,,False
4053579172,428,[CH3][CH2][O],,False,,,False
1927845836,429,[C][CH]([S])[CH2][CH2][CH2],,False,,,False
2747458573,430,[CH2][CH2][CH]([C](=[O])[O])[S](=[O])(=[O])[O-],,False,,,False
3557005528,431,[CH3][CH2][O][C]([CH])=[O],,False,,,False
2343391181,432,[C][O][CH2][CH3],,False,,,False
409074285,433,[C][C](=[O])[O-],,False,,,False
1941705043,434,[C][C]([C])([F])[F],,False,,,False
1436299308,435,[C][C]([F])([F])[C](=[O])[O-],,False,,,False
1423920253,436,[C][C]([F])([F])[C]([F])([F])[C](=[O])[O-],,False,,,False
1823376796,437,[C][C]([F])([F])[C]([F])([F])[C]([C])([F])[F],,False,,,False
3061323822,438,[C][C]([C])([C])[F],,False,,,False
2915873875,439,[C][C]([C])([F])[C]([F])([F])[C]([C])([F])[F],,False,,,False
1280995596,440,[C][C]([F])([F])[C]([F])([C]([F])([F])[F])[C]([F])([F])[F],,False,,,False
1870927495,441,[C][C]([C])([F])[C]([F])([F])[F],,False,,,False
4200026401,442,[C][S](=[O])(=[O])[O-],,False,,,False
613057285,443,[C][C]([F])([F])[S],,False,,,False
2414494037,444,[C][C]([F])([F])[S](=[O])(=[O])[O-],,False,,,False
4020023642,445,[C][C]([F])([F])[C]([F])([F])[S](=[O])(=[O])[O-],,False,,,False
1927857234,446,[C][C]([F])([F])[C]([F])([F])[C]([F])([F])[S],,False,,,False
2879202520,447,[C][O][CH3],,False,,,False
3164684173,448,[CH3][O],,False,,,False
1110801418,449,[CH3][O][C](=[O])[CH]([CH2])[S],,False,,,False
21795118,450,[CH3][O][C]([CH])=[O],,False,,,False
55646448,451,[C][CH2][N+],,False,,,False
1452838643,452,[CH2][C](=[O])[O-],,False,,,False
3384509081,453,[C][CH2][N+]([CH3])([CH3])[CH2][CH2],,False,,,False
262658034,454,[CH2][N+]([CH3])([CH3])[CH2][C](=[O])[O-],,False,,,False
915722537,455,[N+][CH2][C](=[O])[O-],,False,,,False
978128332,456,[C][CH2][CH2][CH2][N+],,False,,,False
2132378175,457,[CH2][CH2][CH2][C](=[O])[O-],0.361613100231202,False,,0.0383309119627601,False
2954812163,458,[CH2][CH2][C](=[O])[O-],0.361613100231202,False,,0.0383309119627601,False
2498501041,459,[C][CH]([CH2])[n+],,False,,,False
127047794,460,[cH][n+]([cH])[CH],,False,,,False
1727373092,461,[C][CH]([n+])[CH2][CH2][CH2],,False,,,False
2317303029,462,[cH][n+]([cH])[CH]([CH2][CH2])[C](=[O])[O-],,False,,,False
1766021025,463,[CH2][CH]([n+])[C](=[O])[O-],,False,,,False
694023930,464,[C][CH]([CH2])[n+]([cH][cH])[cH][cH],,False,,,False
928501617,465,[cH][cH][cH][n+]([cH])[CH],,False,,,False
1836818330,466,[N+][CH2][CH2][CH2][S],,False,,,False
408781366,467,[CH3],,False,,,True
588941139,468,[CH2],,True,,,True
1745124488,469,[CH],,False,,,True
3241453017,470,[OH],,False,,,True
1983480163,471,[CH3][CH2],,False,,,True
4127301570,472,[CH3][CH2][CH2],,False,,,True
2024190808,473,[CH2][CH2][CH2],,True,,,True
86881846,474,[CH2][CH2][CH],,True,,,True
576643729,475,[CH2][CH]([CH2])[OH],,True,,,True
3144674441,476,[CH][OH],,False,,,True
1798560833,477,[CH][CH2][OH],,False,,,True
2426331731,478,[CH2][OH],,True,,,True
972321049,479,[CH3][CH2][CH2][CH2],,True,,,True
4087486767,480,[CH3][CH2][CH2][CH2][CH2],,False,,,True
2523760786,481,[CH2][CH2][CH2][CH2][CH2],,True,,,True
3181151816,482,[CH2][CH2][CH2][CH2][CH],,False,,,True
145783782,483,[CH2][CH2][CH2][CH]([CH2])[OH],,True,,,True
3545311273,484,[CH2][CH2][CH]([OH])[CH2][OH],,False,,,False
417839564,485,[CH2][CH]([OH])[CH2][OH],,False,,,True
3289258337,486,[CH2][CH2][OH],,True,,,True
2378425522,487,[CH2][CH2][CH]([OH])[CH2][CH2],,True,,,True
3381796593,488,[CH2][CH]([OH])[CH2][CH2][OH],,True,,,True
2740006184,489,[CH][CH2][CH2][OH],,True,,,True
4201881788,490,[O],,True,,,True
3398511450,491,[CH2][CH2][O],,True,,,True
3904605687,492,[CH2][O][CH2],,True,,,True
3973554185,493,[CH2][CH2][CH2][CH2][O],,True,,,True
2036111385,494,[CH2][CH2][CH2][O][CH2],,False,,,True
1002117761,495,[CH2][CH2][O][CH2][CH2],,True,,,True
3029702872,496,[CH2][O][CH2][CH2][OH],,True,,,True
4078843245,497,[O][CH2][CH2][OH],,True,,,True
851741966,498,[CH2][O][CH2][CH2][O],,False,,,True
621123397,499,[C],,False,,,True
2352303636,500,[O],,False,,,True
3571421935,501,[N],,True,,,True
902542272,502,[C][CH2][CH2],,False,,,True
2885554181,503,[CH2][C]([N])=[O],,False,,,True
4269693325,504,[C]=[O],,False,,,True
2801205690,505,[C][N]([CH2])[CH2],,False,,,False
1055599604,506,[CH2][CH2][N],,True,,,True
916941086,507,[C][CH2][CH2][CH2][CH2],,False,,,True
2612086326,508,[CH2][CH2][CH2][C]([N])=[O],,False,,,True
3908494748,509,[CH2][CH2][C](=[O])[N]([CH2])[CH2],,False,,,False
1760253035,510,[CH2][CH2][N]([CH2][CH2])[C]([CH2])=[O],,False,,,False
1930391995,511,[C][N]([CH2])[CH2][CH2][OH],,False,,,False
2048987028,512,[N][CH2][CH2][OH],,False,,,False
71236097,513,[S],,False,,,True
1435798937,514,[C],,True,,,True
158835249,515,[F],,True,,,True
231096892,516,[CH2][CH2][S],,False,,,True
1031152895,517,[CH2][S][CH2],,False,,,True
1890015520,518,[CH2][CH2][C],,False,,,True
3593001374,519,[CH2][C]([C])([F])[F],,False,,,True
3234848093,520,[C][F],,True,,,True
3407265256,521,[C][C]([C])([F])[F],,True,,,True
3866641218,522,[C][C]([F])([F])[F],,False,,,True
3871033329,523,[OH][CH2][CH2][O],,False,,,True
2029058776,524,[CH2][O][CH2][CH2][OH],,False,,,True
1309337688,525,[CH2][O][CH2][CH2][S],,False,,,True
257635832,526,[CH2][S][CH2][CH2][O],,False,,,True
1267044541,527,[CH2][CH2][S][CH2][CH2],,False,,,True
2337533156,528,[C][CH2][CH2][S][CH2],,False,,,True
3900381110,529,[C][C]([F])([F])[CH2][CH2][S],,False,,,True
4107221408,530,[CH2][CH2][C]([F])([F])[C]([C])([F])[F],,False,,,True
2527760121,531,[CH2][C]([F])([F])[C]([F])([F])[C]([C])([F])[F],,False,,,True
1098490644,532,[C][C]([F])([F])[C]([F])([F])[C]([C])([F])[F],,True,,,True
1159371851,533,[C][C]([F])([F])[C]([F])([F])[C]([F])([F])[F],,False,,,True
1443725484,534,[C][C]([F])([F])[C]([F])([F])[F],,False,,,True
3975376304,535,[NH],,False,,,True
3252991652,536,[CH2][CH2][NH],,False,,,True
2491857742,537,[C][NH][CH2],,False,,,True
1714769704,538,[CH][C]([NH])=[O],,False,,,True
3222788951,539,[C][CH]([CH])[OH],,True,,,True
2695096831,540,[CH][CH]([CH])[OH],,False,,,True
2923224004,541,[CH][CH]([CH])[O],,True,,,True
1819756045,542,[CH][O][CH],,False,,,True
4117577934,543,[CH][CH]([O])[O],,False,,,True
2214335882,544,[CH2][CH]([CH])[O],,False,,,True
2372085681,545,[CH][CH]([CH2])[OH],,False,,,True
2752912622,546,[CH2][CH2][CH2][CH2][NH],,False,,,True
407570283,547,[C][NH][CH2][CH2][CH2],,False,,,True
4237277584,548,[CH2][CH2][NH][C]([CH])=[O],,False,,,True
2741650686,549,[CH2][NH][C](=[O])[CH]([CH])[OH],,False,,,True
3959565489,550,[CH][CH]([OH])[CH]([OH])[C]([NH])=[O],,False,,,True
3877724712,551,[C][CH]([OH])[CH]([OH])[CH]([CH])[O],,False,,,True
81019485,552,[CH][O][CH]([CH]([CH])[OH])[CH]([CH2])[OH],,False,,,True
1679980461,553,[CH][CH]([CH])[O][CH]([CH])[O],,False,,,True
430947395,554,[CH][O][CH]([O][CH])[CH]([CH])[OH],,False,,,True
1817541692,555,[CH2][CH]([CH])[O][CH]([CH])[O],,False,,,True
3891917854,556,[CH][O][CH]([CH2][OH])[CH]([CH])[OH],,False,,,True
372927762,557,[CH][CH]([O])[CH2][OH],,False,,,True
2927980111,558,[CH2][CH]([O])[CH]([OH])[CH]([CH])[OH],,False,,,True
3206445833,559,[CH][CH]([OH])[CH]([OH])[CH]([CH])[OH],,False,,,True
1303035840,560,[CH][CH]([OH])[CH]([OH])[CH]([O])[O],,False,,,True
2332653798,561,[CH][CH]([O])[CH]([OH])[CH2][OH],,False,,,True
2422962372,562,[CH][CH]([OH])[CH2][OH],,False,,,True
3920599003,563,[c],,True,,,True
3515050116,564,[cH],,False,,,True
2397784371,565,[O],,True,,,True
3263740249,566,[CH3][C],,True,,,True
4261443002,567,[CH3][C]([CH3])([CH3])[CH2],,True,,,True
1838759254,568,[C][CH2][C],,True,,,True
2893991463,569,[c][C]([CH2])([CH3])[CH3],,True,,,True
783474,570,[cH][c]([cH])[C],,True,,,True
3600308116,571,[c][cH][cH],,True,,,True
1387671358,572,[cH][c]([cH])[O],,True,,,True
3131694723,573,[c][O][CH2],,True,,,True
735415753,574,[CH2][CH2][O],,False,,,True
3459833878,575,[C][CH2][C]([CH3])([CH3])[CH3],,True,,,True
911770361,576,[c][C]([CH3])([CH3])[CH2][C]([CH3])([CH3])[CH3],,True,,,True
2421166944,577,[cH][c]([cH])[C]([CH3])([CH3])[CH2][C],,True,,,True
1275262492,578,[cH][cH][c]([cH][cH])[C]([CH2])([CH3])[CH3],,True,,,True
514539310,579,[c][cH][cH][c]([cH])[C],,True,,,True
769270579,580,[c][cH][cH][c]([cH])[O],,True,,,True
2091061868,581,[cH][cH][c]([cH][cH])[O][CH2],,True,,,True
1550218408,582,[cH][c]([cH])[O][CH2][CH2],,True,,,True
3539367771,583,[c][O][CH2][CH2][O],,True,,,True
1853140583,584,[CH2][O][CH2][CH2][O],,True,,,True
489252890,585,[CH],,True,,,True
660852612,586,[CH][CH2][CH2],,True,,,True
1967043474,587,[CH]=[CH][CH2],,True,,,True
121491154,588,[CH2][C](=[O])[O],,False,,,True
3357693338,589,[C][O][C],,False,,,False
706208664,590,[CH][C]([O])([O])[O],,False,,,False
1178807438,591,[C][O][C],,False,,,False
171252351,592,[CH2][C]([CH])([O])[O],,False,,,True
2009652334,593,[C][CH2][OH],,False,,,True
1888241186,594,[C][O][CH],,False,,,True
1521486428,595,[C][CH]([CH])[OH],,True,,,True
3931992297,596,[CH][CH2][CH2][CH2][CH2],,True,,,True
1342761845,597,[CH2][CH]=[CH][CH2][CH2],,True,,,True
393315971,598,[CH][CH2][CH2][CH2][CH2],,True,,,True
2075690432,599,[CH2][CH2][CH2][C](=[O])[O],,False,,,True
342506161,600,[CH2][CH2][C](=[O])[O][C],,False,,,False
413989,601,[CH2][C](=[O])[O][C]([CH])([O])[O],,False,,,False
642590322,602,[C][O][C]([O][C])([O][CH])[CH]([CH])[OH],,False,,,False
2636515875,603,[CH2][C]([CH])([O])[O][C]([CH])([O])[O],,False,,,False
3326631563,604,[C][O][C]1([CH2][OH])[O][CH][CH][CH]1[OH],,False,,,False
3050258048,605,[CH][C]([O])([O])[CH2][OH],,False,,,True
3928907467,606,[CH2][CH]1[CH][CH][C]([CH2])([O])[O]1,,False,,,True
501880765,607,[OH][CH2][CH]1[O][C][CH][CH]1[OH],,False,,,True
3948524823,608,[CH2][CH]1[O][C][CH]([OH])[CH]1[OH],,False,,,True
4070737170,609,[CH2][C]1([O])[O][CH][CH]([OH])[CH]1[OH],,False,,,True
3551923253,610,[CH2][CH]([CH])[O][C]([CH])([O])[O],,False,,,False
4207059025,611,[C][CH]([OH])[CH]([OH])[CH]([CH])[OH],,True,,,True
4044174637,612,[CH][CH]([OH])[CH]([OH])[C]([O])([O])[O],,False,,,False
4149765035,613,[CH2][C]([CH2])=[O],,True,,,True
2499891788,614,[C][CH2][C],,True,,,True
1274380646,615,[CH2][C]([NH])=[O],,False,,,True
2125122410,616,[C][NH][CH],,False,,,True
1185141286,617,[C][CH]([CH2])[NH],,True,,,True
348213010,618,[C][O][CH2],,False,,,True
721223836,619,[CH][C](=[O])[O],,True,,,True
3411060999,620,[CH2][CH2][CH2][C]([CH2])=[O],,True,,,True
1397168408,621,[C][CH2][C](=[O])[CH2][CH2],,True,,,True
1461191437,622,[CH2][C](=[O])[CH2][C]([NH])=[O],,True,,,True
1661468114,623,[C][CH2][C](=[O])[NH][CH],,True,,,True
4269529302,624,[C][CH]([CH2])[NH][C]([CH2])=[O],,True,,,True
602607626,625,[C][NH][CH]1[CH2][CH2][O][C]1=[O],,True,,,True
2931847920,626,[NH][CH]1[C][O][CH2][CH2]1,,True,,,True
2299124326,627,[C]1[CH][CH2][CH2][O]1,,True,,,True
1306681946,628,[O]=[C]1[CH][CH2][CH2][O]1,,True,,,True
3011635797,629,[NH][CH]1[CH2][CH2][O][C]1=[O],,True,,,True
3995584013,630,[CH2][CH2][CH2][C]([NH])=[O],,False,,,True
3048624822,631,[CH2][CH2][C](=[O])[NH][CH],,False,,,True
1705832058,632,[CH][CH2][O],,False,,,True
377214159,633,[CH2][CH2][O][CH2][CH],,False,,,True
3644653999,634,[CH2][O][CH2][CH]([CH2])[OH],,False,,,False
1902895361,635,[O][CH2][CH]([OH])[CH2][OH],,False,,,False
3276440365,636,[CH2][O][CH],,False,,,True
3596705081,637,[CH2][CH2][CH2][O][CH],,False,,,True
3496841128,638,[CH2][CH2][O][CH]([CH])[O],,False,,,True
2435022155,639,[CH2][O][CH]([O][CH])[CH]([CH])[OH],,False,,,True
517491304,640,[CH3][CH2][CH2][CH2][O],,False,,,False
1370603687,641,[CH2][O][CH2][CH]([CH])[OH],,False,,,True
28852130,642,[CH][CH]([OH])[CH]([OH])[CH2][O],,False,,,True
4077821095,643,[CH2][CH]([OH])[CH]([OH])[CH]([CH2])[OH],,False,,,True
223898928,644,[CH][CH]([OH])[CH]([OH])[CH2][OH],,False,,,True
2229815529,645,[CH][CH2][O],,False,,,True
1484539102,646,[CH2][CH2][C](=[O])[O][CH2],,False,,,True
2390892234,647,[CH][CH2][O][C]([CH2])=[O],,False,,,True
816209877,648,[C][O][CH2][CH]([CH])[OH],,False,,,True
3613431436,649,[CH][CH]([OH])[CH]([OH])[CH2][O],,False,,,True
466499095,650,[C][CH2][CH2][CH2][CH3],,False,,,False
1884112722,651,[CH][CH2][S],,False,,,True
1556932326,652,[CH3][CH2][CH2][CH2][S],,False,,,False
1618255463,653,[CH2][CH2][S][CH2][CH],,False,,,True
3390522767,654,[CH2][S][CH2][CH]([CH])[OH],,False,,,True
1661692846,655,[CH][CH]([OH])[CH]([OH])[CH2][S],,False,,,True
3552386869,656,[CH2][CH2][CH2][CH2][S],,True,,,True
750899370,657,[CH2][CH]([CH2])[O],,False,,,True
420777578,658,[CH2][CH2][CH2][CH]([CH2])[O],,False,,,True
2283388940,659,[CH2][CH2][CH]([CH2][CH2])[O][CH],,False,,,False
1705320533,660,[CH][CH2][CH2][CH2][CH3],,False,,,True
4282534845,661,[CH2][CH2][CH2][CH3],,False,,,True
3183810271,662,[CH2][CH]([CH2])[O][CH]([CH])[O],,False,,,True
196248589,663,[CH][CH2][CH3],,False,,,True
1010966955,664,[CH2][CH2][CH]([CH2][CH3])[O][CH],,False,,,False
1324304228,665,[CH3][CH2][CH]([CH2])[O],,False,,,True
2861614460,666,[CH2][CH]([CH3])[O],,False,,,False
2341116588,667,[CH][CH3],,False,,,True
3168840965,668,[CH2][CH2][CH2][CH]([CH3])[O],,False,,,False
664888003,669,[CH2][CH2][CH]([CH3])[O][CH],,False,,,False
3080629070,670,[CH2][CH]([CH3])[O][CH]([CH])[O],,False,,,False
2907664333,671,[CH3][CH2][CH2][CH]([CH2])[O],,False,,,False
489559798,672,[CH][CH2][CH2][CH3],,False,,,False
1094099305,673,[CH][CH]([O])[OH],,False,,,True
3069659651,674,[C][O][CH2][CH]([CH])[O],,False,,,True
1036062626,675,[CH][O][CH]([CH2][O])[CH]([CH])[OH],,False,,,True
894031831,676,[CH2][CH]([CH])[O][CH]([CH])[O],,False,,,True
3839474996,677,[CH][CH]([CH])[O][CH]([CH])[O],,False,,,False
1143273313,678,[CH][O][CH]([CH]([CH2])[O])[CH]([CH])[OH],,True,,,True
1638457800,679,[CH][O][CH]([CH2][OH])[CH]([CH])[O],,True,,,True
3004744193,680,[CH][CH]([CH2])[O][CH]([CH])[OH],,False,,,False
1059578621,681,[CH][O][CH]([OH])[CH]([CH])[OH],,False,,,False
1532064578,682,[CH][CH]([OH])[CH]([OH])[CH]([O])[OH],,False,,,False
961507039,683,[CH][CH]([O])[CH]([OH])[CH]([CH])[OH],,False,,,False
1359662803,684,[CH][CH]([OH])[CH]([OH])[CH]([O])[O],,False,,,True
1747242661,685,[CH2][CH]([O])[CH]([OH])[CH]([CH])[OH],,False,,,True
2332241438,686,[CH2][CH]([CH2])[S],,False,,,False
1090331025,687,[CH][S][CH2],,True,,,True
2551400646,688,[C][CH2][O],,False,,,False
1610330958,689,[CH2][C]([CH])([CH])[OH],,False,,,False
2376107557,690,[C][OH],,False,,,False
1222285943,691,[CH2][CH2][CH2][CH]([CH2])[S],,False,,,False
3293200936,692,[CH2][CH2][CH]([CH2][CH2])[S][CH2],,False,,,False
1946277337,693,[CH][CH2][CH2][CH2][CH2],,True,,,True
2278128926,694,[CH2][CH2][CH2][CH2][CH3],,True,,,True
3560052814,695,[CH2][CH2][S][CH]([CH2])[CH2],,False,,,False
3570086997,696,[C][CH2][CH2][S][CH],,False,,,False
3570825737,697,[O]=[C]([O])[CH2][CH2][S],,False,,,False
533625574,698,[C][CH2][O][C]([CH2])=[O],,False,,,False
3887521112,699,[C][O][CH2][C]([CH])([CH])[OH],,False,,,False
191217049,700,[O][CH2][C]1([OH])[CH]([OH])[CH][CH][CH]1[OH],,False,,,False
481702088,701,[CH2][C]1([OH])[CH][CH][CH]([OH])[CH]1[OH],,False,,,False
1710673832,702,[OH][CH]1[C][CH][CH]([OH])[CH]1[OH],,False,,,False
547755116,703,[C][N]([CH3])[CH2],,True,,,True
1803341746,704,[CH3][N],,True,,,True
2446782164,705,[CH][CH2][N],,False,,,True
3803011085,706,[CH2][CH2][C](=[O])[N]([CH3])[CH2],,False,,,True
4084507104,707,[CH][CH2][N]([CH3])[C]([CH2])=[O],,True,,,True
2597026646,708,[C][N]([CH3])[CH2][CH]([CH])[OH],,False,,,True
2757078340,709,[CH][CH]([OH])[CH]([OH])[CH2][N],,False,,,True
2724543709,710,[CH2][CH]([OH])[CH]([OH])[CH]([CH])[OH],,True,,,True
4000701299,711,[CH][CH]([OH])[CH]([OH])[CH]([CH2])[OH],,False,,,True
879718925,712,[CH][O][CH]([O][CH2])[CH]([CH])[OH],,True,,,True
1491160736,713,[CH][CH2][O][CH]([CH])[O],,True,,,True
2027753553,714,[CH][O][CH2][CH]([CH])[O],,True,,,True
3944326796,715,[CH][O][CH]([CH2][O])[CH]([CH])[OH],,True,,,True
3820773344,716,[CH][O][CH]([O][C])[CH]([CH])[OH],,False,,,True
2528937029,717,[CH][CH]([O])[O][C]([CH2])([CH])[O],,False,,,True
3669188260,718,[CH][O][C]1([CH2][OH])[O][CH][CH][CH]1[OH],,False,,,True
1441710936,719,[CH][CH]([O])[S],,True,,,True
4276961078,720,[C][O][CH],,True,,,True
2296787730,721,[CH2][CH2][S][CH]([CH])[O],,True,,,True
3012754189,722,[CH2][S][CH]1[O][C][CH][CH]1[OH],,True,,,True
1009112087,723,[O]=[C]1[CH][CH][CH]([S])[O]1,,True,,,True
1319129750,724,[O]=[C]1[O][CH][CH][CH]1[OH],,True,,,True
3317694543,725,[O]=[C]1[O][CH][CH]([OH])[CH]1[OH],,True,,,True
3379771296,726,[OH][CH]1[C][O][CH]([S])[CH]1[OH],,True,,,True
2773042746,727,[CH][CH]([CH])[NH],,False,,,False
713929386,728,[CH2][C](=[O])[NH][CH]([CH])[CH],,False,,,False
3645562227,729,[C][NH][CH]([CH]([CH])[OH])[CH]([OH])[O],,False,,,False
3558632260,730,[CH][O][CH]([OH])[CH]([CH])[NH],,False,,,False
1622486702,731,[CH2][CH]([CH])[O][CH]([CH])[OH],,False,,,False
3854088682,732,[CH][CH]([NH])[CH]([OH])[CH]([CH])[OH],,False,,,False
3182230569,733,[CH][CH]([NH])[O],,False,,,False
1252377342,734,[CH2][C](=[O])[NH][CH]([CH])[O],,False,,,False
3286435975,735,[C][NH][CH]([O][CH])[CH]([CH])[OH],,False,,,False
2341381911,736,[CH2][CH]([CH])[O][CH]([CH])[NH],,False,,,False
2859558123,737,[CH][CH]([OH])[CH]([OH])[CH]([NH])[O],,False,,,False
3521674766,738,[CH3][CH],,False,,,True
3749137461,739,[CH2][CH]([CH3])[CH2],,False,,,True
2698028981,740,[CH2][CH2][CH]([CH3])[CH3],,False,,,True
831284494,741,[CH2][CH2][CH2][CH]([CH3])[CH3],,False,,,True
1609620227,742,[CH][CH2][CH2][CH2][CH],,False,,,True
2916065127,743,[CH2][CH2][CH2][CH]([CH3])[CH2],,False,,,True
3443827600,744,[CH2][CH2][CH]([CH3])[CH2][CH2],,False,,,True
3864496752,745,[CH2][CH]([CH3])[CH2][CH2][O],,False,,,True
3451277419,746,[CH][CH2][CH2][O][CH],,False,,,True
3019778459,747,[CH][CH]([OH])[CH]([OH])[CH]([CH])[O],,False,,,True
3491661278,748,[NH2],,True,,,True
2657894680,749,[CH][CH]([CH])[NH2],,True,,,True
3096573822,750,[CH][NH2],,True,,,True
1788512139,751,[CH2][O][CH]([O][CH])[CH]([CH])[NH2],,True,,,True
1196534999,752,[CH][CH]([NH2])[CH]([OH])[CH]([CH])[OH],,True,,,True
225208655,753,[CH][CH]([OH])[CH]([NH2])[CH]([O])[O],,True,,,True
2252267083,754,[CH][C]([N])=[O],,True,,,True
3099071114,755,[CH2][CH2][CH2][CH2][N],,True,,,True
2286381650,756,[C][N]([CH3])[CH2][CH2][CH2],,True,,,True
1114952585,757,[CH][CH]([OH])[C](=[O])[N]([CH2])[CH3],,True,,,True
740467044,758,[CH][CH]([OH])[CH]([OH])[C]([N])=[O],,True,,,True
1634760702,759,[C][CH]([OH])[CH]([OH])[CH]([CH])[OH],,True,,,True
306690654,760,[C][N]([CH3])[CH2][CH]([CH2])[OH],,False,,,False
3565581287,761,[N][CH2][CH]([OH])[CH2][OH],,False,,,False
62115706,762,[CH2][CH2][C](=[O])[NH][CH2],,False,,,False
1946384536,763,[CH2][CH2][NH][C]([CH2])=[O],,False,,,False
1406341756,764,[C][NH][CH2][CH2][O],,False,,,False
1091477275,765,[CH][O][CH2][CH2][NH],,False,,,False
607398155,766,[CH2][CH]([OH])[CH]([OH])[CH]([CH])[O],,False,,,True
3031066059,767,[CH][CH]([O])[S],,False,,,False
3248565956,768,[CH2][CH2][S][CH]([CH])[O],,False,,,False
3286864617,769,[CH][O][CH]([S][CH2])[CH]([CH])[OH],,False,,,False
1783815106,770,[CH2][CH]([CH])[O][CH]([CH])[S],,False,,,False
1269635134,771,[CH][CH]([OH])[CH]([OH])[CH]([O])[S],,False,,,False
3240735605,772,[N+],,True,,,True
428597197,773,[Br-],,True,,,True
2192200467,774,[CH2][CH2][N+],,False,,,True
1918861958,775,[CH2][N+]([CH3])([CH3])[CH3],,True,,,True
3611146069,776,[CH3][N+],,True,,,True
0,777,[Br-],,True,,,True
62653285,778,[CH2][CH2][CH2][CH2][N+],,True,,,True
4208819056,779,[CH2][CH2][CH2][N+]([CH3])([CH3])[CH3],,True,,,True
2568460223,780,[CH2][CH2][N+]([CH3])([CH3])[CH3],,True,,,True
111501795,781,[Cl-],,True,,,True
2098374967,782,[n+],,True,,,True
3124448797,783,[CH2][CH2][n+],,False,,,True
824248327,784,[cH][n+]([cH])[CH2],,False,,,True
1633510382,785,[cH][cH][n+],,True,,,True
697813700,786,[cH][cH][cH],,False,,,True
1465178872,787,[CH2][CH2][CH2][CH2][n+],,False,,,True
2540287087,788,[cH][n+]([cH])[CH2][CH2][CH2],,False,,,True
1990104767,789,[cH][cH][n+]([cH][cH])[CH2][CH2],,False,,,True
1686867986,790,[cH][cH][cH][n+]([cH])[CH2],,False,,,True
1203190805,791,[cH][cH][cH][cH][n+],,True,,,True
633535084,792,[cH][cH][cH][cH][cH],,False,,,True
1979065791,793,[cH][cH][cH][cH][n+],,True,,,True
1302177307,794,[I-],,False,,,False
3322176289,795,[CH2][N+]([CH3])([CH3])[CH2],,False,,,True
921809588,796,[CH3][CH2][N+],,False,,,True
2089578150,797,[CH2][CH2][CH2][N+]([CH3])([CH3])[CH2],,False,,,True
1211484075,798,[CH2][CH2][N+]([CH3])([CH3])[CH2][CH3],,False,,,False
2228762966,799,[CH3][CH2][N+]([CH2])([CH3])[CH3],,False,,,False
3462713981,800,[CH2][CH2][N+]([CH3])([CH3])[CH2][CH2],,True,,,True
3353269358,801,[CH3][CH2][CH2][CH2][N+],,False,,,True
1938109897,802,[CH2][CH2][CH2][CH2][N+],,True,,,True
1286939749,803,[CH2][N+]([CH2])([CH2])[CH2],,False,,,True
2050458021,804,[CH2][CH2][CH2][N+]([CH2])([CH2])[CH2],,False,,,True
2299724452,805,[CH2][CH2][N+]([CH2][CH3])([CH2][CH3])[CH2][CH3],,False,,,False
2187581013,806,[CH3][CH2][N+]([CH2])([CH2])[CH2],,False,,,False
167377009,807,[CH2][CH2][N+]([CH2][CH2])([CH2][CH2])[CH2][CH2],,False,,,True
4234581107,808,[CH3][CH2][CH2][N+]([CH2])([CH2])[CH2],,False,,,True
4250123158,809,[CH3][CH2][CH2][N+],,False,,,True
616617316,810,[c][CH2][N+],,False,,,True
3621312927,811,[cH][c]([cH])[CH2],,False,,,True
3577729846,812,[c][CH2][N+]([CH3])([CH3])[CH2][CH2],,False,,,True
3315927372,813,[cH][c]([cH])[CH2][N+]([CH2])([CH3])[CH3],,False,,,True
2256127832,814,[cH][cH][c]([cH][cH])[CH2][N+],,False,,,True
1386444742,815,[cH][cH][cH][c]([cH])[CH2],,False,,,True
304999553,816,[c][cH][cH][cH][cH],,False,,,True
2817429550,817,[c][cH][cH][cH][cH],,False,,,True
1855747504,818,[NH2+],,False,,,False
1872296144,819,[CH2][CH2][NH2+],,False,,,False
1388585467,820,[CH2][NH2+][CH2],,False,,,False
5892829,821,[CH2][CH2][CH2][CH2][NH2+],,False,,,False
1726319219,822,[CH2][CH2][NH2+][CH2][CH2],,False,,,False
2051503944,823,[CH2][NH2+][CH2][CH2][OH],,False,,,False
710819572,824,[NH2+][CH2][CH2][OH],,False,,,False
3527494607,825,[NH+],,False,,,False
1374326183,826,[CH2][CH2][NH+],,False,,,False
3491839826,827,[CH2][NH+][CH2],,False,,,False
2028199580,828,[CH2][CH2][CH2][CH2][NH+],,False,,,False
2986993041,829,[CH2][CH2][NH+][CH2][CH2],,False,,,False
3414460360,830,[NH+][CH2][CH2][OH],,False,,,False
1127585880,831,[N+],,False,,,False
3883108641,832,[CH2][CH2][N+],,False,,,False
3591372450,833,[CH2][N+][CH2],,False,,,False
2936323764,834,[CH2][CH2][CH2][CH2][N+],,False,,,False
4088424764,835,[CH2][CH2][CH2][N+][CH2],,False,,,False
1969785121,836,[CH2][CH2][N+][CH2][CH2],,False,,,False
1048144381,837,[CH2][N+][CH2][CH2][OH],,False,,,False
49634704,838,[N+][CH2][CH2][OH],,False,,,False
2082417254,839,[O-],,False,,,True
3452116591,840,[Na+],,False,,,True
3321722002,841,[C][CH]([CH])[NH],,False,,,False
3251373328,842,[CH][C](=[O])[O-],,True,,,True
3022818175,843,[C][O-],,False,,,True
2892200800,844,[CH][CH]([CH3])[CH3],,False,,,False
1957747910,845,[C][CH]([CH])[NH][C]([CH2])=[O],,False,,,False
3713252146,846,[C][NH][CH]([C](=[O])[O-])[CH]([CH3])[CH3],,False,,,False
541810107,847,[CH][CH]([NH])[C](=[O])[O-],,False,,,False
2586996621,848,[C][CH]([NH])[CH]([CH3])[CH3],,False,,,False
786217196,849,[CH][CH2][CH],,False,,,False
3696080565,850,[C][NH][CH]([CH2][CH])[C](=[O])[O-],,False,,,False
3959810947,851,[C][CH]([NH])[CH2][CH]([CH3])[CH3],,False,,,False
2586652992,852,[CH][CH2][CH]([CH3])[CH3],,False,,,False
2153050381,853,[CH2][CH]([NH])[C](=[O])[O-],,False,,,False
25359439,854,[S],,False,,,True
143115241,855,[O-],,False,,,True
3288774080,856,[CH2][CH2][S],,True,,,True
559561749,857,[CH2][S](=[O])(=[O])[O-],,True,,,True
3793010329,858,[O]=[S],,False,,,True
948261548,859,[O-][S],,False,,,True
1379114443,860,[CH2][CH2][CH2][CH2][S],,True,,,True
3801297949,861,[CH2][CH2][CH2][S](=[O])(=[O])[O-],,False,,,True
583965603,862,[CH2][CH2][S](=[O])(=[O])[O-],,True,,,True
785852987,863,[Li+],,False,,,True
1218236502,864,[NH4+],,False,,,False
864961746,865,[K+],,False,,,True
3139822450,866,[CH2][O][S],,False,,,True
4169460189,867,[O]=[S](=[O])([O-])[O],,False,,,True
3788629559,868,[CH2][CH2][CH2][O][S],,True,,,True
2500116260,869,[CH2][CH2][O][S](=[O])(=[O])[O-],,False,,,True
2403922819,870,[CH2][O][S](=[O])(=[O])[O-],,False,,,True
2429873576,871,[CH][O][S],,False,,,True
2093002941,872,[CH3][N+],,False,,,False
1417599018,873,[CH2][CH2][CH]([CH2][CH3])[O][S],,False,,,True
796933837,874,[CH2][CH]([CH2])[O][S](=[O])(=[O])[O-],,False,,,True
130298507,875,[CH][O][S](=[O])(=[O])[O-],,False,,,True
2285398980,876,[CH3][CH2][CH2][N+]([CH2])([CH2])[CH2],,False,,,False
266954586,877,[O]=[S](=[O])([O-])[CH2][CH2][O],,False,,,False
2856973088,878,[O][CH2][CH2][O][S],,True,,,True
3469982137,879,[CH2][CH]([CH2])[CH2],,True,,,True
1074853702,880,[CH2][CH2][CH2][CH]([CH2])[CH2],,True,,,True
3863022917,881,[CH2][CH2][CH]([CH2][CH2])[CH2][O],,False,,,False
3990257242,882,[CH2][O][CH2][CH]([CH2])[CH2],,False,,,False
3006782345,883,[CH][CH2][O][CH2][CH2],,False,,,False
2305537368,884,[C][CH2][S],,True,,,True
1259662514,885,[CH2][CH2][CH2][CH2][O],,False,,,True
1801815853,886,[C][O][CH2][CH2][CH2],,False,,,True
591232293,887,[CH2][CH2][O][C]([CH2])=[O],,False,,,True
1267725339,888,[CH2][O][C](=[O])[CH2][S],,True,,,True
2902497525,889,[O]=[C]([O])[CH2][S](=[O])(=[O])[O-],,True,,,True
775589420,890,[C][CH2][S](=[O])(=[O])[O-],,True,,,True
2783401914,891,[C][CH2][CH],,False,,,True
2467778454,892,[C][CH]([CH2])[S],,False,,,True
211481179,893,[CH][S](=[O])(=[O])[O-],,False,,,True
449952059,894,[CH3][CH2][CH2][CH2][O],,False,,,False
3974553930,895,[CH][CH2][C](=[O])[O][CH2],,False,,,True
2663566921,896,[C][CH]([S])[CH2][C](=[O])[O],,False,,,True
4212541494,897,[C][CH2][CH]([C](=[O])[O])[S](=[O])(=[O])[O-],,False,,,True
3695472099,898,[CH2][O][C](=[O])[CH]([CH2])[S],,False,,,True
1857740042,899,[CH3][CH2][CH2][CH2][O],,True,,,True
76339592,900,[C][CH]([CH2])[S](=[O])(=[O])[O-],,False,,,True
2132682886,901,[CH2][CH2][CH2][CH2][O],,True,,,True
298730596,902,[CH3][CH2][CH2][CH2][CH],,False,,,False
1679420352,903,[CH2][CH2][CH]([CH2][CH3])[CH2][O],,False,,,False
3204403125,904,[CH3][CH2][CH]([CH2])[CH2],,False,,,False
2361516328,905,[C][O][CH2][CH]([CH2])[CH2],,False,,,False
101638082,906,[CH][CH2][O][C]([CH])=[O],,False,,,False
908376279,907,[CH3][CH2][CH]([CH2][CH2])[CH2][O],,False,,,False
2676911214,908,[CH3][CH2][O],,False,,,False
756211591,909,[C][CH]([S])[CH2][CH2][CH2],,False,,,True
3059922128,910,[CH2][CH2][CH]([C](=[O])[O])[S](=[O])(=[O])[O-],,False,,,True
2187480152,911,[CH3][CH2][O][C]([CH])=[O],,False,,,False
3760148635,912,[C][O][CH2][CH3],,False,,,False
1004529331,913,[C]=[O],,False,,,True
1994536978,914,[C][C]([C])([F])[F],,False,,,True
3973466877,915,[C][C]([F])([F])[C](=[O])[O-],,False,,,True
636507339,916,[C][C]([F])([F])[C]([F])([F])[C](=[O])[O-],,False,,,True
3688788511,917,[C][C]([F])([F])[C]([F])([F])[C]([C])([F])[F],,False,,,True
3896180751,918,[C][C]([C])([C])[F],,False,,,False
3030245936,919,[C][C]([C])([F])[C]([F])([F])[C]([C])([F])[F],,False,,,False
2671810713,920,[C][C]([F])([F])[C]([F])([C]([F])([F])[F])[C]([F])([F])[F],,False,,,False
2750005640,921,[C][C]([C])([F])[C]([F])([F])[F],,False,,,False
4136178168,922,[O]=[S],,False,,,False
38000535,923,[C][C]([F])([F])[S],,False,,,False
4230092713,924,[C][C]([F])([F])[S](=[O])(=[O])[O-],,False,,,False
2264944014,925,[C][C]([F])([F])[C]([F])([F])[S](=[O])(=[O])[O-],,False,,,False
203314278,926,[C][C]([F])([F])[C]([F])([F])[C]([F])([F])[S],,False,,,False
2694491829,927,[C][O][CH3],,False,,,False
2118281615,928,[CH3][O],,False,,,False
3500425073,929,[CH3][O][C](=[O])[CH]([CH2])[S],,False,,,False
3948548434,930,[CH3][O][C]([CH])=[O],,False,,,False
3820866657,931,[C][CH2][N+],,False,,,True
3960261470,932,[CH2][C](=[O])[O-],,False,,,True
2198875803,933,[C][CH2][N+]([CH3])([CH3])[CH2][CH2],,False,,,True
2623402620,934,[CH2][N+]([CH3])([CH3])[CH2][C](=[O])[O-],,False,,,True
3420594016,935,[N+][CH2][C](=[O])[O-],,False,,,True
2615745265,936,[C][CH2][CH2][CH2][N+],,False,,,False
2293285458,937,[CH2][CH2][CH2][C](=[O])[O-],,True,,,True
1806262150,938,[CH2][CH2][C](=[O])[O-],,True,,,True
2894374256,939,[C][CH]([CH2])[n+],,False,,,True
484558409,940,[cH][n+]([cH])[CH],,False,,,True
2013151618,941,[C][CH]([n+])[CH2][CH2][CH2],,False,,,True
1521919320,942,[cH][n+]([cH])[CH]([CH2][CH2])[C](=[O])[O-],,False,,,True
1691384989,943,[CH2][CH]([n+])[C](=[O])[O-],,False,,,True
469042018,944,[C][CH]([CH2])[n+]([cH][cH])[cH][cH],,False,,,True
3959902490,945,[cH][cH][cH][n+]([cH])[CH],,False,,,True
538663756,946,[N+][CH2][CH2][CH2][S],,False,,,True
