,SMILES,log CMC,traintest,pred,type,err,Molecules,Molecule name,Molecule weight,Average temperature,CMC (M),Convertable,Component 1,Component 2
0,CCCCCCCCC(O)CO,3.361727836,train,3.284244,nonionic,0.0060037354631995,<rdkit.Chem.rdchem.Mol object at 0x00000258C9A17060>,,,,,,-0.6649377409324791,-0.10041860346626058
1,CCCCCCCCC(O)CCO,3.361727836,train,3.2403183,nonionic,0.0147402758348529,<rdkit.Chem.rdchem.Mol object at 0x00000258C9A15A80>,,,,,,-0.6614604899630604,-0.10095150861961322
2,CCCCCCCCCCCCC(O)CCO,1.113943352,train,1.1944386,nonionic,0.0064794811992303,<rdkit.Chem.rdchem.Mol object at 0x00000258C9A176F0>,,,,,,-0.6371438049667181,-0.09575227435066644
3,CCCCCCCCOCCO,3.69019608,train,3.6691136,nonionic,0.0004444694443028,<rdkit.Chem.rdchem.Mol object at 0x00000258C9A17370>,,,,,,-0.6456766724588168,-0.09387926643662446
4,CCCCCCCCOCCOCCOCCO,3.875061263,train,3.8572426,nonionic,0.0003175053131613,<rdkit.Chem.rdchem.Mol object at 0x00000258C9A15F50>,,,,,,-0.656497378324164,-0.09707321156740534
5,CCCCCCCCOCCOCCOCCOCCOCCO,3.963787827,train,3.953247,nonionic,0.000111107551545,<rdkit.Chem.rdchem.Mol object at 0x00000258C9A16B90>,,,,,,-0.6573128949909747,-0.09573359477213335
6,CCCCCCCCOCCOCCOCCOCCOCCOCCO,3.995635195,train,3.9586515,nonionic,0.0013677905401416,<rdkit.Chem.rdchem.Mol object at 0x00000258C9A16E30>,,,,,,-0.6538215663972441,-0.09328231907324788
7,CCCCCCCCCCOCCOCCOCCOCCO,2.8325089130000003,train,2.697473,nonionic,0.0182346845219838,<rdkit.Chem.rdchem.Mol object at 0x00000258C9A16CE0>,,,,,,-0.6628077742001609,-0.10231705464747952
8,CCCCCCCCCCOCCOCCOCCOCCOCCO,2.880813592,test,2.8376794,nonionic,0.0018605597152663,<rdkit.Chem.rdchem.Mol object at 0x00000258C9A15310>,,,,,,-0.6621594643940246,-0.1011339109316749
9,CCCCCCCCCCOCCOCCOCCOCCOCCOCCO,2.954242509,train,2.9921823,nonionic,0.0014394243107054,<rdkit.Chem.rdchem.Mol object at 0x00000258C9A17300>,,,,,,-0.6588476023418035,-0.0987222180347374
10,CCCCCCCCCCOCCOCCOCCOCCOCCOCCOCCOCCO,3.0,train,2.9464297,nonionic,0.0028697738855498,<rdkit.Chem.rdchem.Mol object at 0x00000258C9A168F0>,,,,,,-0.6453126766954607,-0.09071679108163598
11,CCCCCCCCCCCOCCOCCOCCOCCOCCOCCOCCOCCO,2.477121255,train,2.4155352,nonionic,0.0037928407462104,<rdkit.Chem.rdchem.Mol object at 0x00000258C9A15690>,,,,,,-0.6429459949762576,-0.09107176837791335
12,CCCCCCCCCCCCOCCOCCO,1.51851394,train,1.5692351,nonionic,0.0025726346962934,<rdkit.Chem.rdchem.Mol object at 0x00000258C9A14270>,,,,,,-0.6452331058924453,-0.0989574462861733
13,CCCCCCCCCCCCOCCOCCOCCO,1.716003344,train,1.6006217,nonionic,0.0133129237059447,<rdkit.Chem.rdchem.Mol object at 0x00000258C9A14DD0>,,,,,,-0.6500948743479213,-0.10033431511107678
14,CCCCCCCCCCCCOCCOCCOCCOCCO,1.806179974,test,1.6461127,nonionic,0.025621538469166,<rdkit.Chem.rdchem.Mol object at 0x00000258C9A15540>,,,,,,-0.652498414873625,-0.10055118925365149
15,CCCCCCCCCCCCOCCOCCOCCOCCOCCO,1.806179974,train,1.7074666,nonionic,0.0097443297473599,<rdkit.Chem.rdchem.Mol object at 0x00000258C9A16570>,,,,,,-0.652376953067391,-0.09958366610639685
16,CCCCCCCCCCCCOCCOCCOCCOCCOCCOCCOCCO,1.913813852,train,1.911649,nonionic,4.686633004834184e-06,<rdkit.Chem.rdchem.Mol object at 0x00000258C9A146D0>,,,,,,-0.6446664694058434,-0.09417147807232895
17,CCCCCCCCCCCCOCCOCCOCCOCCOCCOCCOCCOCCO,2.0374264980000003,train,1.9000925,nonionic,0.0188606317949973,<rdkit.Chem.rdchem.Mol object at 0x00000258C9A15BD0>,,,,,,-0.6373318102644224,-0.08985827978532193
18,CCCCCCCCCCCCCOCCOCCOCCOCCOCCO,1.69019608,train,1.0863496,nonionic,0.3646305635415062,<rdkit.Chem.rdchem.Mol object at 0x00000258C9A17BC0>,,,,,,-0.6422311540692639,-0.09626049235804045
19,CCCCCCCCCCCCCOCCOCCOCCOCCOCCOCCOCCOCCO,1.431363764,train,1.3871768,nonionic,0.0019524920214943,<rdkit.Chem.rdchem.Mol object at 0x00000258C9A17ED0>,,,,,,-0.6286081939206952,-0.08712370084180839
20,CCCCCCCCCCCCCCOCCOCCOCCOCCOCCOCCO,1.0,train,0.64704585,nonionic,0.1245766314701199,<rdkit.Chem.rdchem.Mol object at 0x00000258C9A16500>,,,,,,-0.6274053161525585,-0.08972005096842607
21,CCCCCCCCCCCCCCOCCOCCOCCOCCOCCOCCOCCOCCO,0.954242509,train,0.926645,nonionic,0.0007616235568196,<rdkit.Chem.rdchem.Mol object at 0x00000258C9A161F0>,,,,,,-0.6172367800759551,-0.0830675064487006
22,CCCCCCCCCCCCCCCOCCOCCOCCOCCOCCOCCOCCOCCO,0.544068044,train,0.5070922,nonionic,0.0013672146762197,<rdkit.Chem.rdchem.Mol object at 0x00000258C9A158C0>,,,,,,-0.6036146165473969,-0.07786804365369794
23,CCCCCCCCCCCCCCCCOCCOCCOCCOCCOCCOCCO,0.220108088,train,0.047548473,nonionic,0.0297768207699079,<rdkit.Chem.rdchem.Mol object at 0x00000258C9A167A0>,,,,,,-0.596165471329091,-0.07744509681302794
24,CCCCCCCCCCCCCCCCOCCOCCOCCOCCOCCOCCOCCO,0.230448921,train,0.113765955,nonionic,0.0136149145612516,<rdkit.Chem.rdchem.Mol object at 0x00000258C9A140B0>,,,,,,-0.593034108120679,-0.07499804160520646
25,CCCCCCCCCCCCCCCCOCCOCCOCCOCCOCCOCCOCCOCCOCCO,0.322219295,train,0.36898327,nonionic,0.0021868692397489,<rdkit.Chem.rdchem.Mol object at 0x00000258C9A14200>,,,,,,-0.5813689225908675,-0.06752924565751021
26,CCCCCCCCCCCCCCCCOCCOCCOCCOCCOCCOCCOCCOCCOCCOCCOCCOCCO,0.361727836,test,0.4445942,nonionic,0.0068668350160823,<rdkit.Chem.rdchem.Mol object at 0x00000258C9A16490>,,,,,,-0.5540417283274273,-0.05144969681313506
27,CCCCCCCCCCCCCCCCOCCOCCOCCOCCOCCOCCOCCOCCOCCOCCOCCOCCOCCOCCOCCO,0.4913616939999999,train,0.47900456,nonionic,0.0001526987137098,<rdkit.Chem.rdchem.Mol object at 0x00000258C9A16B20>,,,,,,-0.5197903850021293,-0.03159978077582919
28,CCCCCCCCCCCCCCCCOCCOCCOCCOCCOCCOCCOCCOCCOCCOCCOCCOCCOCCOCCOCCOCCOCCOCCOCCOCCOCCO,0.5910646070000001,train,0.54269004,nonionic,0.0023400988600466,<rdkit.Chem.rdchem.Mol object at 0x00000258C9A16FF0>,,,,,,-0.44301925228165845,0.014183769069273978
29,CCCCCCCCCCCC(=O)N(CCO)CCO,2.421603927,train,2.2256155,nonionic,0.0384114629676738,<rdkit.Chem.rdchem.Mol object at 0x00000258C9A16F10>,,,,,,-0.665782948646377,-0.10276985281341543
30,OCCOCCOCCSCCC(F)(F)C(F)(F)C(F)(F)C(F)(F)C(F)(F)C(F)(F)F,3.397940009,train,3.5434766,nonionic,0.0211808939564377,<rdkit.Chem.rdchem.Mol object at 0x00000258C9A17290>,,,,,,-0.4407242092829675,0.023959423982291266
31,OCCOCCOCCOCCSCCC(F)(F)C(F)(F)C(F)(F)C(F)(F)C(F)(F)C(F)(F)F,3.4471580310000003,test,3.619286,nonionic,0.0296280584821487,<rdkit.Chem.rdchem.Mol object at 0x00000258C9A16A40>,,,,,,-0.43914868182541794,0.025729652737641627
32,OCCOCCOCCOCCOCCOCCSCCC(F)(F)C(F)(F)C(F)(F)C(F)(F)C(F)(F)C(F)(F)F,3.568201724,train,3.7408032,nonionic,0.0297912839226085,<rdkit.Chem.rdchem.Mol object at 0x00000258C9A163B0>,,,,,,-0.4333507510860756,0.030361372987412316
33,OCCOCCOCCOCCOCCOCCOCCOCCSCCC(F)(F)C(F)(F)C(F)(F)C(F)(F)C(F)(F)C(F)(F)F,3.681241237,train,3.816081,nonionic,0.0181817743765059,<rdkit.Chem.rdchem.Mol object at 0x00000258C9A14EB0>,,,,,,-0.4244558471353521,0.03638701338162044
34,CCCCCCNC(=O)C(O)C(O)C(OC1OC(CO)C(O)C(O)C1O)C(O)CO,4.919078092,train,4.7453995,nonionic,0.0301642619691108,<rdkit.Chem.rdchem.Mol object at 0x00000258C9A178B0>,,,,,,-0.6130619205895159,-0.05763375934156137
35,CC(C)(C)CC(C)(C)c1ccc(OCCOCCOCCOCCOCCOCCOCCOCCOCCOCCO)cc1,2.51851394,train,2.4833918,nonionic,0.0012335674029325,<rdkit.Chem.rdchem.Mol object at 0x00000258C9A14B30>,,,,,,-0.13812063271556316,0.39630629448995414
36,CC(C)(C)CC(C)(C)c1ccc(OCCOCCO)cc1,2.113943352,train,2.1042469,nonionic,9.40220582966499e-05,<rdkit.Chem.rdchem.Mol object at 0x00000258C9A14C10>,,,,,,-0.13721722556370833,0.3918834044261584
37,CC(C)(C)CC(C)(C)c1ccc(OCCOCCOCCO)cc1,1.986771734,train,2.1030426,nonionic,0.0135189148708279,<rdkit.Chem.rdchem.Mol object at 0x00000258C9A16C70>,,,,,,-0.13831522215207714,0.3942706862793138
38,CC(C)(C)CC(C)(C)c1ccc(OCCOCCOCCOCCO)cc1,2.113943352,train,2.1523724,nonionic,0.0014767886735023,<rdkit.Chem.rdchem.Mol object at 0x00000258C9A15770>,,,,,,-0.1391330971713663,0.3961393526736792
39,CC(C)(C)CC(C)(C)c1ccc(OCCOCCOCCOCCOCCO)cc1,2.176091259,train,2.2032099,nonionic,0.0007354194429979,<rdkit.Chem.rdchem.Mol object at 0x00000258C9A14190>,,,,,,-0.13966917174731008,0.39748577348983527
40,CC(C)(C)CC(C)(C)c1ccc(OCCOCCOCCOCCOCCOCCO)cc1,2.322219295,train,2.2456942,nonionic,0.0058560962161468,<rdkit.Chem.rdchem.Mol object at 0x00000258C9A17C30>,,,,,,-0.1399225767752684,0.39830701285786
41,CC(C)(C)CC(C)(C)c1ccc(OCCOCCOCCOCCOCCOCCOCCO)cc1,2.397940009,train,2.3323913,nonionic,0.0042966382261326,<rdkit.Chem.rdchem.Mol object at 0x00000258C9A14580>,,,,,,-0.13989326022770168,0.39860083996328216
42,CC(C)(C)CC(C)(C)c1ccc(OCCOCCOCCOCCOCCOCCOCCOCCO)cc1,2.447158031,train,2.4087071,nonionic,0.0014784708744091,<rdkit.Chem.rdchem.Mol object at 0x00000258C9A159A0>,,,,,,-0.13958198496061808,0.3983657375058974
43,CC(C)(C)CC(C)(C)c1ccc(OCCOCCOCCOCCOCCOCCOCCOCCOCCO)cc1,2.477121255,test,2.4474244,nonionic,0.0008819024976085,<rdkit.Chem.rdchem.Mol object at 0x00000258C9A16110>,,,,,,-0.13899032331721872,0.3976009117340895
44,CCCCCCCCC=CCCCCCCCC(=O)OC1(OC2(CO)OC(CO)C(O)C2O)OC(CO)C(O)C(O)C1O,0.7075701759999999,train,0.6024876,nonionic,0.0110423427996562,<rdkit.Chem.rdchem.Mol object at 0x00000258C9A14890>,,,,,,-0.44096515658821406,0.027171571330349958
45,CCCCCCCCCC(=O)CC(=O)NC1CCOC1=O,1.986771734,train,1.9484068,nonionic,0.0014718669692964,<rdkit.Chem.rdchem.Mol object at 0x00000258C9A15FC0>,,,,,,-0.4391152360330269,0.022035044629886917
46,CCCCCC(=O)CC(=O)NC1CCOC1=O,3.336459734,train,3.279521,nonionic,0.0032420207431728,<rdkit.Chem.rdchem.Mol object at 0x00000258C9A16260>,,,,,,-0.42522054814321175,0.034738004988321
47,CCCCCCCCCCCC(=O)NC1CCOC1=O,0.602059991,train,0.59021795,nonionic,0.0001402339833635,<rdkit.Chem.rdchem.Mol object at 0x00000258C9A17D10>,,,,,,-0.49418212258969063,-0.013399428555240562
48,CCCCCCCCCCCCCCCC(=O)NC1CCOC1=O,-0.795880017,train,-1.0323375,nonionic,0.0559121631856306,<rdkit.Chem.rdchem.Mol object at 0x00000258C9A15D90>,,,,,,-0.47447088446131463,-0.009090029292632513
49,CCCCCCCCOCC(O)CO,3.763427994,train,3.7424865,nonionic,0.0004385471385252,<rdkit.Chem.rdchem.Mol object at 0x00000258C9A17450>,,,,,,-0.6649652792432516,-0.09933822101555571
50,CCCCCCCCOC1OC(CO)C(O)C(O)C1O,4.397940009,train,4.182318,nonionic,0.0464927599444711,<rdkit.Chem.rdchem.Mol object at 0x00000258C9A16DC0>,,,,,,-0.674549528067428,-0.10053516204588193
51,CCCCOCC(O)C(O)C(O)CO,4.763427994,train,4.5831633,nonionic,0.0324953738144555,<rdkit.Chem.rdchem.Mol object at 0x00000258C9A14E40>,,,,,,-0.619452873893638,-0.06525458323317793
52,CCCCCCCCCC(=O)OCC(O)C(O)C(O)CO,3.255272505,train,3.188056,nonionic,0.0045180596028781,<rdkit.Chem.rdchem.Mol object at 0x00000258C9A149E0>,,,,,,-0.6276394582286313,-0.0721565033614251
53,CCCCCCC(=O)OCC(O)C(O)C(O)CO,4.0,train,4.112757,nonionic,0.0127141874966127,<rdkit.Chem.rdchem.Mol object at 0x00000258C9A14BA0>,,,,,,-0.607577710563428,-0.05820467885941038
54,CCCCCCCOCC(O)C(O)C(O)CO,3.963787827,test,3.9240732,nonionic,0.0015772500648191,<rdkit.Chem.rdchem.Mol object at 0x00000258C9A15460>,,,,,,-0.6561252952226099,-0.08841611049611774
55,CCCCCC(=O)OCC(O)C(O)C(O)CO,4.763427994,train,4.6680546,nonionic,0.0090960879666906,<rdkit.Chem.rdchem.Mol object at 0x00000258C9A17990>,,,,,,-0.5957211944852823,-0.05123115199001671
56,CCCCCCOCC(O)C(O)C(O)CO,3.973127854,train,3.817071,nonionic,0.0243537538532706,<rdkit.Chem.rdchem.Mol object at 0x00000258C9A16810>,,,,,,-0.6464122851338043,-0.08239349116312213
57,CCCCCCCCC(=O)OCC(O)C(O)C(O)CO,3.643452676,test,3.7066336,nonionic,0.0039918250899142,<rdkit.Chem.rdchem.Mol object at 0x00000258C9A155B0>,,,,,,-0.6238340126414954,-0.06880392032300033
58,CCCCCCCCCOCC(O)C(O)C(O)CO,3.322219295,train,3.3658113,nonionic,0.0019002670813917,<rdkit.Chem.rdchem.Mol object at 0x00000258C9B31CB0>,,,,,,-0.6641824319544295,-0.09532044153498292
59,CCCCCCCC(=O)OCC(O)C(O)C(O)CO,4.255272505,train,3.9471827,nonionic,0.094919355466927,<rdkit.Chem.rdchem.Mol object at 0x00000258C9B33ED0>,,,,,,-0.6170572917255106,-0.0641119274244773
60,CCCCCCCCOCC(O)C(O)C(O)CO,3.826074803,train,3.838194,nonionic,0.0001468723529139,<rdkit.Chem.rdchem.Mol object at 0x00000258C9B31380>,,,,,,-0.6620486996001144,-0.09273599694969781
61,CCCCC(=O)OCC(O)C(O)C(O)CO,5.079181246,train,5.3023543,nonionic,0.0498062280041444,<rdkit.Chem.rdchem.Mol object at 0x00000258C9B30F20>,,,,,,-0.5816859149121445,-0.0423768856794889
62,CCCCCOCC(O)C(O)C(O)CO,4.579783597,train,4.426637,nonionic,0.0234538272761895,<rdkit.Chem.rdchem.Mol object at 0x00000258C9B326C0>,,,,,,-0.6333911208109938,-0.07490266146915166
63,CCCCSCC(O)C(O)C(O)CO,5.255272505,train,5.1625586,nonionic,0.0085958764127843,<rdkit.Chem.rdchem.Mol object at 0x00000258C9B33220>,,,,,,-0.6350839080188313,-0.07556325628986774
64,CCCCCSCC(O)C(O)C(O)CO,4.662757832,train,4.675654,nonionic,0.0001663094591426,<rdkit.Chem.rdchem.Mol object at 0x00000258C9B32F10>,,,,,,-0.6467699911498752,-0.08322800559364865
65,CCCCCC(CCCC)OC1OC(CO)C(O)C(O)C1O,4.176091259,train,4.2541385,nonionic,0.0060913670974328,<rdkit.Chem.rdchem.Mol object at 0x00000258C9B31A10>,,,,,,-0.6523155469404951,-0.07930275051403045
66,CCCCCCCC(CC)OC1OC(CO)C(O)C(O)C1O,3.929418926,train,3.9631906,nonionic,0.0011405229639827,<rdkit.Chem.rdchem.Mol object at 0x00000258C9B32C00>,,,,,,-0.630159646283634,-0.0632264613829303
67,CCCCCCCCC(C)OC1OC(CO)C(O)C(O)C1O,3.653212514,train,3.4748392,nonionic,0.0318170353978449,<rdkit.Chem.rdchem.Mol object at 0x00000258C9B32F80>,,,,,,-0.6602417267830983,-0.08483554691960608
68,CCCCCCC(CCC)OC1OC(CO)C(O)C(O)C1O,4.079181246,test,4.2755446,nonionic,0.0385585838392948,<rdkit.Chem.rdchem.Mol object at 0x00000258C9B305F0>,,,,,,-0.6500937433630714,-0.07758790732627913
69,CCCCCCCCCCCC(=O)OCC1OC(OC2C(CO)OC(O)C(O)C2O)C(O)C(O)C1O,2.51851394,train,2.530078,nonionic,0.0001337259633641,<rdkit.Chem.rdchem.Mol object at 0x00000258C9B32FF0>,,,,,,-0.6228141774097513,-0.06907858717458401
70,CCCCCCCC(CCCCCC)SCCC(=O)OCC1(O)C(O)C(O)C(O)C1O,0.7993405490000001,train,0.7082222,nonionic,0.0083025516279017,<rdkit.Chem.rdchem.Mol object at 0x00000258C9B32570>,,,,,,-0.58017057114425,-0.047698269905167096
71,CCCCCCCCCC(=O)N(C)CC(O)C(O)C(O)C(O)CO,3.826074803,train,3.606759,nonionic,0.0480993901491319,<rdkit.Chem.rdchem.Mol object at 0x00000258C9B33680>,,,,,,-0.6598812537185066,-0.08926992991302328
72,CCCCCCCCC(=O)N(C)CC(O)C(O)C(O)C(O)CO,4.322219295,test,4.084682,nonionic,0.0564239723296656,<rdkit.Chem.rdchem.Mol object at 0x00000258C9B33990>,,,,,,-0.6549189362509492,-0.08544322560848404
73,CCCCCCCC(=O)N(C)CC(O)C(O)C(O)C(O)CO,4.838849091,train,4.714496,nonionic,0.0154636574889414,<rdkit.Chem.rdchem.Mol object at 0x00000258C9B317E0>,,,,,,-0.6462379263607724,-0.07995126008695835
74,CCCCCCCCCCCC(=O)OCC1OC(OCC2OC(OC3(CO)OC(CO)C(O)C3O)C(O)C(O)C2O)C(O)C(O)C1O,2.977723605,train,2.9766302,nonionic,1.195510709381203e-06,<rdkit.Chem.rdchem.Mol object at 0x00000258C9B32C70>,,,,,,-0.5848878278294223,-0.04570908686831848
75,CCCCCCCCCCCC(=O)OCC1OC(OCC2OC(OCC3OC(OC4(CO)OC(CO)C(O)C4O)C(O)C(O)C3O)C(O)C(O)C2O)C(O)C(O)C1O,3.361727836,train,3.2954545,nonionic,0.0043921547854636,<rdkit.Chem.rdchem.Mol object at 0x00000258C9B31070>,,,,,,-0.5228791059864725,-0.009385866880986018
76,CCCCCCCCCCCC(=O)OCC1OC(OC2(CO)OC(CO)C(O)C2O)C(O)C(O)C1O,2.662757832,train,2.5583057,nonionic,0.0109102394487135,<rdkit.Chem.rdchem.Mol object at 0x00000258C9B30C80>,,,,,,-0.6219465401978412,-0.0695764307736155
77,CCCCCCCCCCSCC(O)C(O)C(O)CO,2.602059991,train,2.5531292,nonionic,0.0023942226829899,<rdkit.Chem.rdchem.Mol object at 0x00000258C9B33300>,,,,,,-0.6554410733425386,-0.09514781580434732
78,CCCCCCCCCCSC1OC(=O)C(O)C1O,1.51851394,train,1.4228421,nonionic,0.0091530923650037,<rdkit.Chem.rdchem.Mol object at 0x00000258C9B33AE0>,,,,,,-0.5709837687060181,-0.05428283736239885
79,CCCCCCSCC(O)C(O)C(O)CO,4.079181246,train,4.0485787,nonionic,0.0009365134245091,<rdkit.Chem.rdchem.Mol object at 0x00000258C9B30040>,,,,,,-0.6561045946759426,-0.08909214060108833
80,CCCCCCSC1OC(=O)C(O)C1O,3.826074803,test,3.963265,nonionic,0.0188211342852615,<rdkit.Chem.rdchem.Mol object at 0x00000258C9B31000>,,,,,,-0.5617770839042527,-0.0439390528889883
81,CCCCCCCCSCC(O)C(O)C(O)CO,3.079181246,train,3.2846437,nonionic,0.0422147994800319,<rdkit.Chem.rdchem.Mol object at 0x00000258C9B315B0>,,,,,,-0.6633938823032062,-0.09566018322788086
82,CCCCCCCCSC1OC(=O)C(O)C1O,2.681241237,train,2.5351217,nonionic,0.0213509251406813,<rdkit.Chem.rdchem.Mol object at 0x00000258C9B32110>,,,,,,-0.5709787440067355,-0.05126361691149894
83,CCCCCCCC(=O)NC1C(O)OC(CO)C(O)C1O,4.653212514,train,4.471777,nonionic,0.0329188594278415,<rdkit.Chem.rdchem.Mol object at 0x00000258C9B32960>,,,,,,-0.6633398121157353,-0.09111622361481216
84,CCCCCCCC(=O)NC1OC(CO)C(O)C(O)C1O,4.84509804,train,4.7938113,nonionic,0.0026303275192651,<rdkit.Chem.rdchem.Mol object at 0x00000258C9B31690>,,,,,,-0.6628668243051644,-0.09057381758892193
85,CC(C)CCCC(C)CCOC1OC(CO)C(O)C(O)C1O,3.6020599910000004,train,3.5044785,nonionic,0.0095221562481667,<rdkit.Chem.rdchem.Mol object at 0x00000258C9B313F0>,,,,,,-0.36828426135764447,0.11940378691267
86,CC(C)CCCC(C)CCOC1OC(CO)C(OC2OC(CO)C(O)C(O)C2O)C(O)C1O,3.72427587,train,3.6346426,nonionic,0.0080341229092629,<rdkit.Chem.rdchem.Mol object at 0x00000258C9B30CF0>,,,,,,-0.3666744552065203,0.1258247438468216
87,CC(C)CCCC(C)CCOC1OC(CO)C(OC2OC(CO)C(OC3OC(CO)C(O)C(O)C3O)C(O)C2O)C(O)C1O,3.698970004,train,3.6901383,nonionic,7.799828907358065e-05,<rdkit.Chem.rdchem.Mol object at 0x00000258C9B31460>,,,,,,-0.350986033225952,0.1383277490250065
88,CCCCCCCCCOC1OC(CO)C(O)C(O)C1N,3.84509804,train,3.8915963,nonionic,0.0021620897910548,<rdkit.Chem.rdchem.Mol object at 0x00000258C9B33C30>,,,,,,-0.6800190824854695,-0.10390884360294497
89,CCCCCCCCOC1OC(CO)C(O)C(O)C1N,4.361727836,train,4.441546,nonionic,0.0063709334436601,<rdkit.Chem.rdchem.Mol object at 0x00000258C9B32B20>,,,,,,-0.674935000119348,-0.09998860551681399
90,CCCCCCCCCCN(C)C(=O)C(O)C(O)C(O)C(O)CO,3.113943352,train,3.0483656,nonionic,0.0043004424811616,<rdkit.Chem.rdchem.Mol object at 0x00000258C9B33760>,,,,,,-0.6725444109237229,-0.09740348810277151
91,CCCCCCCCCCN(C)C(=O)C(O)C(O)C(OC1OC(CO)C(O)C(O)C1O)C(O)CO,3.361727836,train,3.1523533,nonionic,0.0438377018765032,<rdkit.Chem.rdchem.Mol object at 0x00000258C9B31770>,,,,,,-0.6379638333421984,-0.0749670322113645
92,CCCCCCCCCCCCN(C)C(=O)C(O)C(O)C(O)C(O)CO,2.146128036,train,2.01235,nonionic,0.017896540870083,<rdkit.Chem.rdchem.Mol object at 0x00000258C9B31B60>,,,,,,-0.6646040987612795,-0.09689989603258334
93,CCCCCCCCCCCCN(C)C(=O)C(O)C(O)C(OC1OC(CO)C(O)C(O)C1O)C(O)CO,2.397940009,train,2.4062436,nonionic,6.89490040216181e-05,<rdkit.Chem.rdchem.Mol object at 0x00000258C9B30C10>,,,,,,-0.6333811011387092,-0.07564272912943273
94,CCCCCCCCCCCCCCCCN(C)C(=O)C(O)C(O)C(OC1OC(CO)C(O)C(O)C1O)C(O)CO,0.968482949,train,0.8577275,nonionic,0.0122667633654139,<rdkit.Chem.rdchem.Mol object at 0x00000258C9B32340>,,,,,,-0.590716043356917,-0.06122216351144326
95,CCCCCCCCCCCCCCCCCCN(C)C(=O)C(O)C(O)C(OC1OC(CO)C(O)C(O)C1O)C(O)CO,0.51851394,train,0.55290306,nonionic,0.0011826113092146,<rdkit.Chem.rdchem.Mol object at 0x00000258C9B30660>,,,,,,-0.5586276999363671,-0.04843064991960227
96,CCCCCCCCC=CCCCCCCCCN(C)C(=O)C(O)C(O)C(O)C(O)CO,1.5051499780000002,train,1.5661364,nonionic,0.003719338809997,<rdkit.Chem.rdchem.Mol object at 0x00000258C9B335A0>,,,,,,-0.6392298910119462,-0.08827306962905221
97,CCCCCCCCC=CCCCCCCCCN(C)C(=O)C(O)C(O)C(OC1OC(CO)C(O)C(O)C1O)C(O)CO,1.73239376,train,1.5869403,nonionic,0.0211567123586883,<rdkit.Chem.rdchem.Mol object at 0x00000258C9B31E70>,,,,,,-0.613140445983761,-0.06914028141053224
98,CCCCCCCCCCCCCCN(C)C(=O)C(O)C(O)C(O)C(O)CO,1.380211242,train,1.0523192,nonionic,0.1075132115070583,<rdkit.Chem.rdchem.Mol object at 0x00000258C9B321F0>,,,,,,-0.6438332366587859,-0.09029931529013958
99,CCCCCCCCCCCCCCN(C)C(=O)C(O)C(O)C(OC1OC(CO)C(O)C(O)C1O)C(O)CO,1.556302501,test,1.5175246,nonionic,0.0015037256037173,<rdkit.Chem.rdchem.Mol object at 0x00000258C9B33E60>,,,,,,-0.6168679426009842,-0.07076365860832266
100,CCCCCCCCCCCC(=O)N(C)CC(O)CO,2.361727836,train,2.1329453,nonionic,0.0523414491681807,<rdkit.Chem.rdchem.Mol object at 0x00000258C9B302E0>,,,,,,-0.6658731082938293,-0.10282700338059081
101,CCCCCCCCCCCC(=O)N(C)CC(O)C(O)C(O)CO,2.556302501,train,2.4572825,nonionic,0.0098049520462045,<rdkit.Chem.rdchem.Mol object at 0x00000258C9B307B0>,,,,,,-0.6624799290284904,-0.09574171352592932
102,CCCCCCCCCCOC1OC(CO)C(O)C(O)C1O,3.301029996,train,3.2366066,nonionic,0.0041503742227007,<rdkit.Chem.rdchem.Mol object at 0x00000258C9B31850>,,,,,,-0.6800106195146361,-0.10623348130760979
103,CCCCCCCCCCOC1OC(CO)C(OC2OC(CO)C(O)C(O)C2O)C(O)C1O,3.301029996,train,3.1383572,nonionic,0.0264624507668617,<rdkit.Chem.rdchem.Mol object at 0x00000258C9B33D80>,,,,,,-0.655311366260309,-0.08776756886050922
104,CCCCCCCCCCCCOC1OC(CO)C(O)C(O)C1O,2.278753601,train,1.9558178,nonionic,0.1042875195273914,<rdkit.Chem.rdchem.Mol object at 0x00000258C9B32CE0>,,,,,,-0.669022609109582,-0.1042719659226425
105,CCCCCCCCC=CCCCCCCCC(=O)NCCOC1OC(CO)C(OC2OC(CO)C(O)C(O)C2O)C(O)C1O,1.954242509,train,1.7719548,nonionic,0.0332288180191467,<rdkit.Chem.rdchem.Mol object at 0x00000258C9B33290>,,,,,,-0.6364053671480471,-0.08091690386165284
106,CCCCCCCCC=CCCCCCCCCOC1OC(CO)C(OC2OC(CO)C(O)C(O)C2O)C(O)C1O,1.301029996,train,1.2665284,nonionic,0.0011903623349115,<rdkit.Chem.rdchem.Mol object at 0x00000258C9B331B0>,,,,,,-0.6254961661389787,-0.07963189770631027
107,CCCCCCCCC=CCCCCCCCCOC1OC(CO)C(OC2OC(CO)C(OC3OC(CO)C(O)C(O)C3O)C(O)C2O)C(O)C1O,1.62324929,train,1.5948428,nonionic,0.0008069291537744,<rdkit.Chem.rdchem.Mol object at 0x00000258C9B31C40>,,,,,,-0.5723351730156814,-0.04737089960746029
108,CCCCCCCCCCNC(=O)C(O)C(O)C(OC1OC(CO)C(O)C(O)C1O)C(O)CO,3.113943352,train,2.89085,nonionic,0.0497706137502175,<rdkit.Chem.rdchem.Mol object at 0x00000258C9B33610>,,,,,,-0.6366267359297452,-0.0739701223861164
109,CCCCCCCCCCCCNC(=O)C(O)C(O)C(OC1OC(CO)C(O)C(O)C1O)C(O)CO,2.491361694,train,2.2651033,nonionic,0.0511928426873979,<rdkit.Chem.rdchem.Mol object at 0x00000258C9B31AF0>,,,,,,-0.6302087676991053,-0.07381846055957565
110,CCCCCCCCCCCCOC1OC(CO)C(OC2OC(CO)C(O)C(O)C2O)C(O)C1O,2.230448921,test,2.7744083,nonionic,0.2958918500128434,<rdkit.Chem.rdchem.Mol object at 0x00000258C9B31230>,,,,,,-0.6477753256993745,-0.08712860065808122
111,CCCCCCCCNC(=O)C(O)C(O)C(OC1OC(CO)C(O)C(O)C1O)C(O)CO,3.755874856,train,3.6405482,nonionic,0.0133002308450233,<rdkit.Chem.rdchem.Mol object at 0x00000258C9B33B50>,,,,,,-0.630492060717298,-0.06838639490680758
112,CCCCCCCCCC(=O)N(C)CC(O)C(O)C(OC1OC(CO)C(O)C(O)C1O)C(O)CO,3.51851394,train,3.4745717,nonionic,0.0019309200287034,<rdkit.Chem.rdchem.Mol object at 0x00000258C9B31FC0>,,,,,,-0.6202901419640077,-0.06477148712615927
113,CCCCCCCCCCCC(=O)N(C)CC(O)C(O)C(OC1OC(CO)C(O)C(O)C1O)C(O)CO,2.653212514,train,2.5671425,nonionic,0.0074080496214109,<rdkit.Chem.rdchem.Mol object at 0x00000258C9B319A0>,,,,,,-0.6212762106972982,-0.06794793648003394
114,CCCCCCCCCCCCCC(=O)N(C)CC(O)C(O)C(OC1OC(CO)C(O)C(O)C1O)C(O)CO,1.832508913,train,1.9703889,nonionic,0.0190108878680028,<rdkit.Chem.rdchem.Mol object at 0x00000258C9B32880>,,,,,,-0.610579515981902,-0.06570851022385535
115,CCCCCCCCCOC1OC(CO)C(O)C(O)C1O,3.838849091,train,3.774548,nonionic,0.0041346233925248,<rdkit.Chem.rdchem.Mol object at 0x00000258C9B33CA0>,,,,,,-0.6797365106199228,-0.10451133318492557
116,CCCCCCCCSC1OC(CO)C(O)C(O)C1O,3.929418926,train,3.7845387,nonionic,0.0209902665915669,<rdkit.Chem.rdchem.Mol object at 0x00000258C9B32EA0>,,,,,,-0.6794891596719991,-0.10424523720645759
117,CCCCCCOCCOCCOCCO,5.0,train,5.0821586,nonionic,0.0067500298885079,<rdkit.Chem.rdchem.Mol object at 0x00000258C9B32030>,,,,,,-0.6379527699290242,-0.08529086934433498
118,CCCCCCCCCCOCCOCCOCCO,2.77815125,train,2.5655937,nonionic,0.0451807037797311,<rdkit.Chem.rdchem.Mol object at 0x00000258C9B31540>,,,,,,-0.6606929507061367,-0.10222062743657352
119,CCCCCCCCCCCCOCCOCCOCCOCCOCCOCCO,1.939519253,train,1.8810171,nonionic,0.0034225032055445,<rdkit.Chem.rdchem.Mol object at 0x00000258C9B310E0>,,,,,,-0.6497187538409961,-0.09743315145890669
120,CCCCCCCCOCCOCCOCCOCCOCCOCCOCCOCCO,4.113943352,train,4.1129456,nonionic,9.955955791897271e-07,<rdkit.Chem.rdchem.Mol object at 0x00000258C9B336F0>,,,,,,-0.6401143656250384,-0.08530114539327886
121,CCCCCCCCCCOCCOCCOCCOCCOCCOCCOCCOCCOCCO,3.113943352,train,2.9097548,nonionic,0.0416929839155206,<rdkit.Chem.rdchem.Mol object at 0x00000258C9B32E30>,,,,,,-0.6354821730906461,-0.0853092578640503
122,CCCCCCCC[N+](C)(C)C.[Br-],5.146128036,train,5.4264045,cationic,0.078554882911997,<rdkit.Chem.rdchem.Mol object at 0x00000258C9B31150>,,,,,,0.9280569449803636,-0.22191417328947835
123,CCCCCCCCCC[N+](C)(C)C.[Br-],4.832508913,train,4.7157035,cationic,0.0136435074504754,<rdkit.Chem.rdchem.Mol object at 0x00000258C9B30820>,,,,,,0.9452568021832091,-0.23578220247581821
124,CCCCCCCCCC[N+](C)(C)C.[Cl-],4.832508913,train,4.940871,cationic,0.0117422902908147,<rdkit.Chem.rdchem.Mol object at 0x00000258C9B311C0>,,,,,,1.0358964681607945,-0.21258438013492795
125,CCCCCCCCCCCC[N+](C)(C)C.[Br-],4.204119983,test,4.052776,cationic,0.0229050436172596,<rdkit.Chem.rdchem.Mol object at 0x00000258C9B329D0>,,,,,,0.9543881916074622,-0.24303099972089307
126,CCCCCCCCCCCC[N+](C)(C)C.[Cl-],4.3010299960000005,train,4.2355,cationic,0.0042941988740851,<rdkit.Chem.rdchem.Mol object at 0x00000258C9B31D90>,,,,,,1.044688172382781,-0.21931086984424195
127,CCCCCCCCCCCCCC[N+](C)(C)C.[Br-],3.556302501,train,3.5499678,cationic,4.012886995142992e-05,<rdkit.Chem.rdchem.Mol object at 0x00000258C9B327A0>,,,,,,0.9535828371528943,-0.24226655089292795
128,CCCCCCCCCCCCCC[N+](C)(C)C.[Cl-],3.653212514,train,3.6717238,cationic,0.000342669287309,<rdkit.Chem.rdchem.Mol object at 0x00000258C9B30350>,,,,,,1.0430287616048566,-0.21819896151533696
129,CCCCCCCCCCCCCCCC[N+](C)(C)C.[Br-],2.991226076,train,2.8383303,cationic,0.0233771278410339,<rdkit.Chem.rdchem.Mol object at 0x00000258C9B32490>,,,,,,0.9428816345582841,-0.23348639336177604
130,CCCCCCCCCC[n+]1ccccc1.[Br-],4.643452676,train,4.590052,cationic,0.0028516185439876,<rdkit.Chem.rdchem.Mol object at 0x00000258C9B32B90>,,,,,,0.9508289819201484,-0.24212576167636546
131,CCCCCCCCCCC[n+]1ccccc1.[Br-],4.322219295,train,4.272711,cationic,0.0024510910602431,<rdkit.Chem.rdchem.Mol object at 0x00000258C9B33450>,,,,,,0.9573616645027185,-0.24729193702409133
132,CCCCCCCCCCCC[n+]1ccccc1.[Br-],4.0569048510000005,test,3.9797506,cationic,0.0059527733181967,<rdkit.Chem.rdchem.Mol object at 0x00000258C9B33BC0>,,,,,,0.96128814733597,-0.2503620729127333
133,CCCCCCCCCCCC[n+]1ccccc1.[Cl-],4.230448921,train,4.1262345,cationic,0.0108606389991611,<rdkit.Chem.rdchem.Mol object at 0x00000258C9B33A70>,,,,,,1.050911397053544,-0.2255379430778152
134,CCCCCCCCCCCC[n+]1ccccc1.[I-],3.72427587,train,3.696775,cationic,0.0007563000747974,<rdkit.Chem.rdchem.Mol object at 0x00000258C9B323B0>,,,,,,0.5066036325503496,-0.21197514229325382
135,CCCCCCCCCCCCC[n+]1ccccc1.[Br-],3.72427587,train,3.677104,cationic,0.0022251856705522,<rdkit.Chem.rdchem.Mol object at 0x00000258C9B306D0>,,,,,,0.9624038075396912,-0.25118006301280166
136,CCCCCCCCCCCCCC[n+]1ccccc1.[Br-],3.431363764,train,3.3364997,cationic,0.0089991923443428,<rdkit.Chem.rdchem.Mol object at 0x00000258C9B32650>,,,,,,0.9606381083200816,-0.24968897992284017
137,CCCCCCCCCCCCCC[n+]1ccccc1.[Cl-],3.544068044,train,3.427679,cationic,0.0135463951566837,<rdkit.Chem.rdchem.Mol object at 0x00000258C9B338B0>,,,,,,1.0496346172625723,-0.2246530594821933
138,CCCCCCCCCCCCCCC[n+]1ccccc1.[Br-],3.113943352,train,2.9632702,cationic,0.0227024025372294,<rdkit.Chem.rdchem.Mol object at 0x00000258C9B31930>,,,,,,0.9560616688749035,-0.24593729256333416
139,CCCCCCCCCCCCCCCC[n+]1ccccc1.[Br-],2.806179974,train,2.6249056,cationic,0.0328604036567927,<rdkit.Chem.rdchem.Mol object at 0x00000258C9B32AB0>,,,,,,0.9489129226549032,-0.24010108504531405
140,CCCCCCCCCCCCCCCC[n+]1ccccc1.[Cl-],2.954242509,test,2.732067,cationic,0.0493619087409487,<rdkit.Chem.rdchem.Mol object at 0x00000258C9B31BD0>,,,,,,1.037885918597619,-0.21584273388368796
141,CCCCCCCCCCCCCCCCCC[n+]1ccccc1.[Cl-],2.380211242,train,2.2346272,cationic,0.0211946996418873,<rdkit.Chem.rdchem.Mol object at 0x00000258C9B33370>,,,,,,1.0182112221275967,-0.20082857808863985
142,CCCCCCCCCCCC[N+](C)(C)CC.[Br-],4.146128036,train,4.003122,cationic,0.0204507684120509,<rdkit.Chem.rdchem.Mol object at 0x00000258C9B31D20>,,,,,,0.960335093339717,-0.2513742858924083
143,CCCCCCCCCCCC[N+](C)(C)CCCC.[Br-],3.875061263,train,3.9142866,cationic,0.0015386281190515,<rdkit.Chem.rdchem.Mol object at 0x00000258C9B318C0>,,,,,,0.9511562922058487,-0.23646832846713076
144,CCCCCCCCCCCC[N+](C)(C)CCCCCC.[Br-],3.491361694,train,3.6301913,cationic,0.0192736667605047,<rdkit.Chem.rdchem.Mol object at 0x00000258C9B31310>,,,,,,0.9555006686608356,-0.24066455156847147
145,CCCCCCCCCCCC[N+](C)(C)CCCCCCCC.[Br-],3.041392685,train,3.0968394,cationic,0.0030743413035413,<rdkit.Chem.rdchem.Mol object at 0x00000258C9B32730>,,,,,,0.9491567992101084,-0.2353973951070939
146,CCCCCCCCCCCCCC[N+](CC)(CC)CC.[Br-],3.491361694,train,3.4782596,cationic,0.0001716658250528,<rdkit.Chem.rdchem.Mol object at 0x00000258C9B337D0>,,,,,,0.9612871918709095,-0.2510780828432397
147,CCCCCCCCCCCCCC[N+](CCC)(CCC)CCC.[Br-],3.322219295,train,3.294002,cationic,0.0007962125699079,<rdkit.Chem.rdchem.Mol object at 0x00000258C9B33A00>,,,,,,0.9192968226945548,-0.2004985228280063
148,CCCCCCCCCCCCCC[N+](CCCC)(CCCC)CCCC.[Br-],3.079181246,train,3.1822028,cationic,0.0106134438872267,<rdkit.Chem.rdchem.Mol object at 0x00000258C9B31F50>,,,,,,0.8767542170682774,-0.1551874704226318
149,CCCCCCCCCC[N+](C)(C)Cc1ccccc1.[Cl-],4.591064607,train,4.315782,cationic,0.0757804750891142,<rdkit.Chem.rdchem.Mol object at 0x00000258C9B33920>,,,,,,1.0425126140388545,-0.21952492962279332
150,CCCCCCCCCCCC[N+](C)(C)Cc1ccccc1.[Cl-],3.944482672,test,3.8032494,cationic,0.0199468486639925,<rdkit.Chem.rdchem.Mol object at 0x00000258C9B322D0>,,,,,,1.0519563926543714,-0.22670255215729246
151,CCCCCCCCCCCCCC[N+](C)(C)Cc1ccccc1.[Cl-],3.301029996,train,3.222105,cationic,0.0062291508508091,<rdkit.Chem.rdchem.Mol object at 0x00000258C9B30890>,,,,,,1.050173650970847,-0.22551921862670007
152,CCCCCCCCCCCC[NH2+]CCO.[Cl-],4.653212514,train,4.6143174,cationic,0.0015128285593772,<rdkit.Chem.rdchem.Mol object at 0x00000258C9B33840>,,,,,,1.0358615835059042,-0.2126614450199729
153,CCCCCCCCCCCC[NH+]CCO.[Cl-],4.556302501,train,4.4802437,cationic,0.0057849438166515,<rdkit.Chem.rdchem.Mol object at 0x00000258C9B32500>,,,,,,1.0337046545019615,-0.2112968307089066
154,CCCCCCCCCCCC[N+]CCO.[Cl-],4.397940009,train,4.2590346,cationic,0.0192947033048818,<rdkit.Chem.rdchem.Mol object at 0x00000258C9B32420>,,,,,,1.0416364424962965,-0.21789718934445187
155,CCCCCCCCCC[N+](C)(C)CCCCCCCCCC.[Br-],3.267171728,train,3.0968394,cationic,0.0290130924410052,<rdkit.Chem.rdchem.Mol object at 0x00000258C9B30190>,,,,,,0.9491567992101079,-0.23539739510709362
156,CCCCCCCCCCCC[N+](C)(C)CCCCCCCCCCCC.[Br-],2.245512668,train,1.9181186,cationic,0.1071868783303451,<rdkit.Chem.rdchem.Mol object at 0x00000258C9B312A0>,,,,,,0.9118068969707595,-0.2044687762127327
157,CCCCCCCCCCCCCCCC(=O)NC(C(=O)[O-])C(C)C.[Na+],3.278753601,train,3.2951984,anionic,0.000270432747883,<rdkit.Chem.rdchem.Mol object at 0x00000258C9B30270>,,,,,,0.8220686729059345,0.058820722969000025
158,CCCCCCCCCCCCCCCC(=O)NC(CC(C)C)C(=O)[O-].[Na+],3.176091259,train,3.1924562,anionic,0.0002678127806041,<rdkit.Chem.rdchem.Mol object at 0x00000258C9B33D10>,,,,,,0.8780526812935269,0.007116844479288208
159,CCCCCCCCCCS(=O)(=O)[O-].[Na+],4.633468456,train,4.6120353,anionic,0.0004593812689712,<rdkit.Chem.rdchem.Mol object at 0x00000258C9B30740>,,,,,,1.089656055888492,-0.1663174143093571
160,CCCCCCCCCCCCS(=O)(=O)[O-].[Na+],4.093421685,train,4.1464686,anionic,0.0028139793683338,<rdkit.Chem.rdchem.Mol object at 0x00000258C99FA9D0>,,,,,,1.0914834459547431,-0.1683948742665098
161,CCCCCCCCCCCCS(=O)(=O)[O-].[Li+],4.041392685,train,4.146515,anionic,0.0110506785260984,<rdkit.Chem.rdchem.Mol object at 0x00000258C99F8D60>,,,,,,0.4085351492003123,2.3277794773153944
162,CCCCCCCCCCCCS(=O)(=O)[O-].[NH4+],3.949390007,train,3.8928342,anionic,0.0031985608263252,<rdkit.Chem.rdchem.Mol object at 0x00000258C99FA6C0>,,,,,,0.36081679355986085,1.4381376129176369
163,CCCCCCCCCCCCS(=O)(=O)[O-].[K+],3.968482949,train,4.095995,anionic,0.0162593102309174,<rdkit.Chem.rdchem.Mol object at 0x00000258C99F98C0>,,,,,,0.6734850664616596,0.14401525559915704
164,CCCCCCCCCCCCOS(=O)(=O)[O-].[Na+],3.913813852,test,3.7073226,anionic,0.0426386381834714,<rdkit.Chem.rdchem.Mol object at 0x00000258C99F8BA0>,,,,,,1.0020558410346436,-0.19040058657570638
165,CCCCCCCCCCCCOS(=O)(=O)[O-].[Li+],3.949390007,train,3.7397356,anionic,0.0439549689771667,<rdkit.Chem.rdchem.Mol object at 0x00000258C99FAE30>,,,,,,0.4087841091347097,2.3321382409369407
166,CCCCCCCCC(CC)OS(=O)(=O)[O-].C[N+](C)(C)C,3.740362689,train,3.761619,anionic,0.0004518346274283,<rdkit.Chem.rdchem.Mol object at 0x00000258C99F9540>,,,,,,0.3732497076992647,1.6113148136623712
167,CCCCCCCCC(CC)OS(=O)(=O)[O-].CCC[N+](CCC)(CCC)CCC,3.3424226810000004,train,3.1786108,anionic,0.0268343318008537,<rdkit.Chem.rdchem.Mol object at 0x00000258C99F91C0>,,,,,,-0.23338802727219668,0.03407793109933676
168,CCCCCCCCCCCCCCOS(=O)(=O)[O-].[Na+],3.322219295,train,3.30197,anionic,0.0004100337440704,<rdkit.Chem.rdchem.Mol object at 0x00000258C99FB290>,,,,,,0.9944504612442193,-0.18575565778685804
169,CCCCCCCCCCOCCS(=O)(=O)[O-].[Na+],4.201397124,train,4.192197,anionic,8.464511512453856e-05,<rdkit.Chem.rdchem.Mol object at 0x00000258C99F9770>,,,,,,1.087795171406139,-0.17331792323408324
170,CCCCCCCCCCCCOCCOS(=O)(=O)[O-].[Na+],3.591064607,train,3.3344307,anionic,0.065860965003956,<rdkit.Chem.rdchem.Mol object at 0x00000258C99F93F0>,,,,,,0.9968696672175966,-0.18904054089774427
171,CCCCCCCCCCCCOCCOCCOS(=O)(=O)[O-].[Na+],3.462397998,test,3.0357957,anionic,0.1819895303605422,<rdkit.Chem.rdchem.Mol object at 0x00000258C99FA110>,,,,,,0.9939002852858407,-0.18735588834441788
172,CCCCCCCCCCCCCCCCOCCOCCOCCOCCOCCOS(=O)(=O)[O-].[Na+],1.397940009,train,1.194624,anionic,0.0413374210088139,<rdkit.Chem.rdchem.Mol object at 0x00000258C99FB4C0>,,,,,,0.9559484721253827,-0.1622755355937624
173,CCCCCCCCC(CCCCCC)COCCOCCOCCOCCOCCOS(=O)(=O)[O-].[Na+],1.934498451,train,2.3715339,anionic,0.1909999580697518,<rdkit.Chem.rdchem.Mol object at 0x00000258C99FA880>,,,,,,0.9686152981383467,-0.1646367878507975
174,CCCCCCOC(=O)CS(=O)(=O)[O-].[Na+],5.230448921,train,5.239033,anionic,7.369022706633712e-05,<rdkit.Chem.rdchem.Mol object at 0x00000258C99F8430>,,,,,,1.0469316120361245,-0.14424594551680045
175,CCCCCCCCOC(=O)CS(=O)(=O)[O-].[Na+],4.8195439360000005,train,4.681043,anionic,0.0191824682653273,<rdkit.Chem.rdchem.Mol object at 0x00000258C99F8120>,,,,,,1.0643809037408134,-0.15657760101323928
176,CCCCCCCCCCOC(=O)CS(=O)(=O)[O-].[Na+],4.342422681,train,4.259006,anionic,0.0069583387639908,<rdkit.Chem.rdchem.Mol object at 0x00000258C99FB920>,,,,,,1.0740838064501674,-0.163904129204848
177,CCCCOC(=O)CC(C(=O)OCCCC)S(=O)(=O)[O-].[Na+],5.3010299960000005,train,4.9075975,anionic,0.1547890960106891,<rdkit.Chem.rdchem.Mol object at 0x00000258C99F9A10>,,,,,,0.920664273579002,-0.051883968742636316
178,CCCCCOC(=O)CC(C(=O)OCCCCC)S(=O)(=O)[O-].[Na+],4.72427587,test,4.17396,anionic,0.3028473268598296,<rdkit.Chem.rdchem.Mol object at 0x00000258C99F8350>,,,,,,0.9449423600252688,-0.07413237263701253
179,CCCCC(CC)COC(=O)CC(C(=O)OCC(CC)CCCC)S(=O)(=O)[O-].[Na+],3.397940009,train,3.445899,anionic,0.0023000657485828,<rdkit.Chem.rdchem.Mol object at 0x00000258C99F9230>,,,,,,0.8901388279071523,-0.012735850359891693
180,CCCCCCCCOC(=O)CC(C(=O)OCCCCCCCC)S(=O)(=O)[O-].[Na+],2.959041392,train,2.926036,anionic,0.0010893637535669,<rdkit.Chem.rdchem.Mol object at 0x00000258C99F97E0>,,,,,,0.9617913604615599,-0.09007838026775063
181,CCCCCCCCCCCCC(C(=O)OCC)S(=O)(=O)[O-].[Na+],3.352182518,train,3.2424703,anionic,0.0120367785823516,<rdkit.Chem.rdchem.Mol object at 0x00000258C99FBAE0>,,,,,,1.0531308941281459,-0.16357977879304708
182,CCCCCCCCCCCCC(C(=O)OCCCC)S(=O)(=O)[O-].[Na+],3.1303337680000003,train,3.0910826,anionic,0.0015406563138727,<rdkit.Chem.rdchem.Mol object at 0x00000258C99FBED0>,,,,,,1.0384820785411926,-0.15048765493187735
183,O=C([O-])C(F)(F)C(F)(F)C(F)(F)C(F)(F)C(F)(F)C(F)(F)C(F)(F)F.[K+],4.462397998,train,4.4689517,anionic,4.295103766523866e-05,<rdkit.Chem.rdchem.Mol object at 0x00000258C99FACE0>,,,,,,0.5794407902480633,0.19933901537031995
184,O=C([O-])C(F)(F)C(F)(F)C(F)(F)C(F)(F)C(F)(F)C(F)(F)C(F)(F)F.[Na+],4.477121255,train,4.742835,anionic,0.0706038181222104,<rdkit.Chem.rdchem.Mol object at 0x00000258C99FA500>,,,,,,0.8495991985526933,-0.028147563571668806
185,O=C([O-])C(F)(F)C(F)(F)C(F)(F)C(F)(F)C(F)(F)C(F)(F)C(F)(F)F.[Li+],4.51851394,test,3.698588,anionic,0.6722787201881557,<rdkit.Chem.rdchem.Mol object at 0x00000258C99F9150>,,,,,,0.4125541588530169,2.3991490643834834
186,O=C([O-])C(F)(F)C(F)(F)C(F)(F)C(F)(F)C(F)(C(F)(F)F)C(F)(F)F.[Na+],4.477121255,train,4.74178,anionic,0.0700441476803886,<rdkit.Chem.rdchem.Mol object at 0x00000258C99F9D90>,,,,,,0.846405305275677,-0.024966983120329595
187,O=C([O-])C(F)(F)C(F)(F)C(F)(F)C(F)(F)C(F)(F)C(F)(F)C(F)(F)C(F)(F)F.[Li+],3.69019608,train,3.624475,anionic,0.0043192600555192,<rdkit.Chem.rdchem.Mol object at 0x00000258C99FAF10>,,,,,,0.41211629468730815,2.3916916561879105
188,O=S(=O)([O-])C(F)(F)C(F)(F)C(F)(F)C(F)(F)C(F)(F)C(F)(F)C(F)(F)C(F)(F)F.[Li+],3.799340549,train,3.9097037,anionic,0.0121800320596655,<rdkit.Chem.rdchem.Mol object at 0x00000258C99FBD10>,,,,,,0.4121278179561943,2.391866851973429
189,CCCCCCOC(=O)CC(C(=O)OCCCCCC)S(=O)(=O)[O-].[Na+],3.1461280360000003,train,3.3185868,anionic,0.0297420343601769,<rdkit.Chem.rdchem.Mol object at 0x00000258C99FBC30>,,,,,,0.9555532428322331,-0.08289382281625247
190,CCCCCCCCCCCCCCC(C(=O)OC)S(=O)(=O)[O-].[Na+],2.86332286,train,2.7114,anionic,0.0230805456543132,<rdkit.Chem.rdchem.Mol object at 0x00000258C99FA030>,,,,,,1.0545393859345937,-0.16225835372413686
191,CCCCCCCCCC[N+](C)(C)CC(=O)[O-],4.255272505,train,4.2199063,zwitterionic,0.001250766326446,<rdkit.Chem.rdchem.Mol object at 0x00000258C99F87B0>,,,,,,-0.30176118112458955,-0.08692419860246983
192,CCCCCCCCCCCC[N+](C)(C)CC(=O)[O-],3.301029996,test,3.3279066,zwitterionic,0.0007223523038583,<rdkit.Chem.rdchem.Mol object at 0x00000258C99F9A80>,,,,,,-0.30132811318590264,-0.09005276487148874
193,CCCCCCCCCCCCCC[N+](C)(C)CC(=O)[O-],2.342422681,train,2.1953406,zwitterionic,0.0216331287284637,<rdkit.Chem.rdchem.Mol object at 0x00000258C99FA180>,,,,,,-0.2957232863808323,-0.0893205684228157
194,CCCCCCCCCCCCCCCC[N+](C)(C)CC(=O)[O-],1.301029996,train,1.188076,zwitterionic,0.0127586008552562,<rdkit.Chem.rdchem.Mol object at 0x00000258C99FA1F0>,,,,,,-0.28525568729314243,-0.08483325322264267
195,CCCCCCCCCCCC[N+](C)(C)CCCC(=O)[O-],3.662757832,train,3.6600323,zwitterionic,7.428675466394666e-06,<rdkit.Chem.rdchem.Mol object at 0x00000258C99FB0D0>,,,,,,-0.06986091098005034,-0.04982485075910526
196,CCCCCCCCCCCC[N+](C)(C)CCCCCC(=O)[O-],3.414973348,train,2.8741112,zwitterionic,0.2925318896012778,<rdkit.Chem.rdchem.Mol object at 0x00000258C99F9FC0>,,,,,,-0.04792620696140557,-0.04490227563417029
197,CCCCCCCCCCCC[N+](C)(C)CCCCCCCC(=O)[O-],3.176091259,test,1.740359,zwitterionic,2.061327266817607,<rdkit.Chem.rdchem.Mol object at 0x00000258C99F9B60>,,,,,,-0.04366887085558014,-0.043113316851534626
198,CCCCCCCCCCC(C(=O)[O-])[n+]1ccccc1,3.716003344,train,3.6469631,zwitterionic,0.0047665525980664,<rdkit.Chem.rdchem.Mol object at 0x00000258C99F9620>,,,,,,-0.26461020491592896,-0.08343695413367211
199,CCCCCCCCCCCCC(C(=O)[O-])[n+]1ccccc1,2.77815125,train,2.6644678,zwitterionic,0.012923924169977,<rdkit.Chem.rdchem.Mol object at 0x00000258C99F9AF0>,,,,,,-0.2613879091855463,-0.08432693722849965
200,CCCCCCCCCCCC[N+](C)(C)CCCS(=O)(=O)[O-],3.477121255,train,3.1565924,zwitterionic,0.1027387667093794,<rdkit.Chem.rdchem.Mol object at 0x00000258C99FAFF0>,,,,,,-0.1263816719150096,-0.06119367902601184
201,CCCCCCCCCCCCCC[N+](C)(C)CCCS(=O)(=O)[O-],2.505149978,train,2.5014458,zwitterionic,1.3721154953872715e-05,<rdkit.Chem.rdchem.Mol object at 0x00000258C99F94D0>,,,,,,-0.12272407440523075,-0.06092030188341601
202,CCCCC(C)CCCCOCCOCCOCCOCCOCCOCCO,3.4727564493172123,,,,,<rdkit.Chem.rdchem.Mol object at 0x00000258C9EF0580>,2-BUTYL HEXYL/OXYETHYLENE/6 ALCOHOL,422.7,22.5,0.00297,True,-0.6431146856623222,-0.08065579801512361
203,CCCCC(C)CCCCOCCOCCOCCOCCOCCOCCOCCOCCOCCO,3.505149978319906,,,,,<rdkit.Chem.rdchem.Mol object at 0x00000258C9EF12A0>,2-BUTYL HEXYL/OXYETHYLENE/9 ALCOHOL,554.9,20.0,0.0032,True,-0.6214122098735635,-0.06823857512901733
204,CCC(C)CCOCCOCCOCCOCCOCCOCCO,5.0,,,,,<rdkit.Chem.rdchem.Mol object at 0x00000258C9EF0EB0>,2-ETHYL BUTYL/OXYETHYLENE/6 ALCOHOL,366.6,20.0,0.1,True,-0.5214065459555015,0.008364930953586095
205,CCCC(C)CCCOCCOCCOCCOCCOCCOCCO,4.361727836017593,,,,,<rdkit.Chem.rdchem.Mol object at 0x00000258C9E40660>,2-PROPYL PENTYL/OXYETHYLENE/6 ALCOHOL,394.6,20.0,0.023,True,-0.6126898863640129,-0.05893088972817185
206,CCCCCCCCCCCCC(C(=O)O)S(=O)(=O)O,3.716003343634799,,,,,<rdkit.Chem.rdchem.Mol object at 0x00000258C9E43990>,ALPHA SULFOMYRISTIC ACID,308.4,25.0,0.0052,True,-0.5994397805015795,-0.08850581254443737
207,CCCCCCOCCOCCOCCOCCOCCOCCO,5.900913067737669,,,,,<rdkit.Chem.rdchem.Mol object at 0x00000258C9E420A0>,BUTYL/OXYETHYLENE/6 ALCOHOL,338.5,20.0,0.796,True,-0.6351980472077733,-0.08156109040407254
208,CCCCCCCCCCS(=O)(=O)[O-].CCCCCCCCCC[N+](C)(C)C,3.133538908370217,,,,,<rdkit.Chem.rdchem.Mol object at 0x00000258C9E43680>,DECYL TRIMETHYLAMMONIUM DECANESULFONATE,421.7,25.0,0.00136,True,-0.09277331448450044,-0.03914141485503063
209,CCCCCCCCCCOS(=O)(=O)[O-].CCCCCCCCCC[N+](C)(C)C,2.662757831681574,,,,,<rdkit.Chem.rdchem.Mol object at 0x00000258C9E42DC0>,DECYL TRIMETHYLAMMONIUM DECYL SULFATE,437.8,25.0,0.00046,True,-0.30732981167432316,-0.07029997996032245
210,CCCCCCCCCCCCOC(=O)CC(=O)[O-].CCCCCCCCCCCCOC(=O)CC(=O)[O-].[K+].[K+],4.698970004336019,,,,,<rdkit.Chem.rdchem.Mol object at 0x00000258C9E42110>,DIPOTASSIUM DODECYL MALONATE,348.6,25.0,0.05,True,0.6918113886506173,0.7681384179769813
211,CCCCCCCCOC(=O)CC(=O)[O-].CCCCCCCCOC(=O)CC(=O)[O-].[K+].[K+],5.477121254719663,,,,,<rdkit.Chem.rdchem.Mol object at 0x00000258C9E42570>,DIPOTASSIUM OCTYL MALONATE,292.5,20.0,0.3,True,0.691994555444904,0.7585465285970756
212,CCCCCCCCCCCCCCOC(=O)CC(=O)[O-].CCCCCCCCCCCCCCOC(=O)CC(=O)[O-].[K+].[K+],4.2552725051033065,,,,,<rdkit.Chem.rdchem.Mol object at 0x00000258CA096030>,DIPOTASSIUM TETRADECYL MALONATE,376.7,25.0,0.018,True,0.6877779876047211,0.7688446018485416
213,CCCCCCCCCCCC[NH3+].[Cl-],4.169282471503407,,,,,<rdkit.Chem.rdchem.Mol object at 0x00000258CA096C70>,DODECYL AMMONIUM CHLORIDE,221.80000000000004,23.33333333333333,0.0147666666666666,True,1.0558969300947751,-0.22723385434750107
214,CCCCCCCCCCCC[n+]1cccc2ccccc21.[Br-],3.681241237375587,,,,,<rdkit.Chem.rdchem.Mol object at 0x00000258CA095FC0>,DODECYLQUINOLINIUM BROMIDE,378.4,25.0,0.0048,True,0.9506616292740627,-0.23967285601859756
215,CCCCCC.CCCCCC[N+](C)(C)C.CCCCCC[N+](C)(C)C.O=S(=O)([O-])[O-],5.041392685158225,,,,,<rdkit.Chem.rdchem.Mol object at 0x00000258CA096A40>,HEXYL TRIMETHYLAMMONIUM HEXANE SULFATE,325.5,25.0,0.11,True,0.2526348163387927,0.12350651525307148
216,CCCCCCOCCOCCOCCOCCO,4.954242509439325,,,,,<rdkit.Chem.rdchem.Mol object at 0x00000258C9F435A0>,HEXYL/OXYETHYLENE/4 ALCOHOL,278.4,20.0,0.09,True,-0.6395124648169932,-0.08517054584598434
217,CCCCCCOCCOCCOCCOCCOCCO,4.9661417327390325,,,,,<rdkit.Chem.rdchem.Mol object at 0x00000258C9F41BD0>,HEXYL/OXYETHYLENE/5 ALCOHOL,322.5,20.0,0.0925,True,-0.6385675894448561,-0.0839138763267011
218,CC(C)(C)OCCOCCOCCOCCOCCOCCO,5.959041392321094,,,,,<rdkit.Chem.rdchem.Mol object at 0x00000258C9F400B0>,I-METHYL PROPYL/OXYETHYLENE/6 ALCOHOL,338.5,20.0,0.91,True,-0.316306615231573,0.18660002998639946
219,C[N+](C)([O-])CCC(F)(F)C(F)(F)C(F)(F)C(F)(F)C(F)(F)C(F)(F)C(F)(F)F,2.672097857935717,,,,,<rdkit.Chem.rdchem.Mol object at 0x00000258C9FD5C40>,NN-DIMETHYL 1-1-DIHYDROPENTADECAFLUORO OCTYL AMINE N-OXIDE /C7F15CH2N/CH3/20/,443.2,25.0,0.00047,True,-0.38258505295852885,0.05730932372881189
220,CCCCCCCCC[N+](C)(C)[O-],4.732393759822968,,,,,<rdkit.Chem.rdchem.Mol object at 0x00000258C9FD43C0>,NONYL DIMETHYL AMINE OXIDE,187.3,25.0,0.054,True,-0.6162621856459951,-0.08279165650541151
221,CCCCCCCCCCCCCCCCCC[n+]1ccccc1.O=[N+]([O-])[O-],2.1072099696478683,,,,,<rdkit.Chem.rdchem.Mol object at 0x00000258C9FD5690>,OCTADECYL PYRIDINIUM NITRATE,394.7,25.0,0.000128,True,-0.4911485173543321,-0.08192928442907293
222,CCCCCCCCCCCCCCCCCC[N+](CC)(CC)CC.[O-][Br+2]([O-])[O-],2.397940008672037,,,,,<rdkit.Chem.rdchem.Mol object at 0x00000258C9FD5FC0>,OCTADECYL TRIETHYLAMMONIUM BROMATE,482.7,25.0,0.00025,True,-0.5648467685725921,-0.06788042280015949
223,CCCCCCCCCCCCCCCCCC[N+](C)(C)C.[O-][Br+2]([O-])[O-],2.519827993775719,,,,,<rdkit.Chem.rdchem.Mol object at 0x00000258C9E1B450>,OCTADECYL TRIMETHYLAMMONIUM BROMATE,440.6,25.0,0.000331,True,-0.545426081405302,-0.05829467899729232
224,CCCCCCCCCCCCCCCCCC[N+](C)(C)C.O=C[O-],2.6434526764861874,,,,,<rdkit.Chem.rdchem.Mol object at 0x00000258C9E19AF0>,OCTADECYL TRIMETHYLAMMONIUM FORMATE,357.7,25.0,0.00044,True,-0.21722500842362763,-0.0658402985336
225,CCCCCCCCOCCOCCOCCOCCOCCOCCOCCOCCOCCO,4.113943352306837,,,,,<rdkit.Chem.rdchem.Mol object at 0x00000258C9E1B7D0>,OCTYL /OXYETHYLENE/ 9 ALCOHOL,526.7,25.0,0.013,True,-0.6304585634913625,-0.08002283325446082
226,CCCCCCCCCC.CCCCCCCC[N+](C)(C)C.CCCCCCCC[N+](C)(C)C.O=S(=O)([O-])[O-],3.278753600952829,,,,,<rdkit.Chem.rdchem.Mol object at 0x00000258C9E1B3E0>,OCTYL TRIMETHYLAMMONIUM DECANE SULFATE,409.7,25.0,0.0019,True,0.2573999823150605,0.11995302096760156
227,CCCCCCCCCCCCOS(=O)(=O)[O-].CCCCCCCC[N+](C)(C)C,2.633468455579586,,,,,<rdkit.Chem.rdchem.Mol object at 0x00000258C9E1A030>,OCTYL TRIMETHYLAMMONIUM DODECYL SULFATE,437.8,25.0,0.00043,True,-0.3073297620541777,-0.07029997455464373
228,CCCCCCCCS(=O)(=O)[O-].CCCCCCCC[N+](C)(C)C,4.304490527773488,,,,,<rdkit.Chem.rdchem.Mol object at 0x00000258C9E19C40>,OCTYL TRIMETHYLAMMONIUM OCTANE SULFONATE,365.6,25.0,0.02016,True,-0.10119661127631074,-0.041087765910389124
229,CCCCCCCCCCCCc1cccc(S(=O)(=O)[O-])c1.[Na+],3.164352855784437,,,,,<rdkit.Chem.rdchem.Mol object at 0x00000258C9E1AF10>,SODIUM 3-N-DODECYL BENZENE SULFONATE,348.4,25.0,0.00146,True,1.0757068636284735,-0.18278407000905394
230,CCCCCCCCCCCCc1ccc(S(=O)(=O)[O-])cc1.[Na+],3.2013971243204518,,,,,<rdkit.Chem.rdchem.Mol object at 0x00000258C9E195B0>,SODIUM 4-N-DODECYL BENZENE SULFONATE,348.4,25.0,0.00159,True,1.0745338848922734,-0.18158904883095256
231,CCCCCCCCCC(=O)[O-].[Na+],4.973127853599698,,,,,<rdkit.Chem.rdchem.Mol object at 0x00000258C9E19230>,SODIUM DECANOATE,194.2,25.0,0.094,True,1.090648579881271,-0.14523383667019837
232,CCCCCCCCCCOS(=O)(=O)[O-].[Na+],4.518777068926775,,,,,<rdkit.Chem.rdchem.Mol object at 0x00000258C9E18900>,SODIUM DECYL 1 SULFATE,260.3,24.0,0.03302,True,0.9994692920309513,-0.1881464173000838
233,CCCCCCCCC(C)OS(=O)(=O)[O-].[Na+],4.665580991017953,,,,,<rdkit.Chem.rdchem.Mol object at 0x00000258C9E18E40>,SODIUM DECYL 2 SULFATE,260.3,22.5,0.0463,True,0.9981924281332639,-0.17568229208637084
234,CCCCC(OC(=O)C(CC(=O)[O-])S(=O)(=O)O)C(CC)CC.[Na+],3.397940008672037,,,,,<rdkit.Chem.rdchem.Mol object at 0x00000258C9E19CB0>,SODIUM DI-2-ETHYL-HEXYL SULFOSUCCINATE,444.5,25.0,0.0025,True,0.9787366158446783,-0.04352222612977366
235,CCCCCCCCCCCC(=O)[O-].[Na+],4.38738982633873,,,,,<rdkit.Chem.rdchem.Mol object at 0x00000258C9E19B60>,SODIUM DODECANOATE,222.3,25.0,0.0244,True,1.0970745749757103,-0.1501160069214156
236,CCCCCCCCCOS(=O)(=O)[O-].[Na+],4.810098040681143,,,,,<rdkit.Chem.rdchem.Mol object at 0x00000258C9E1B4C0>,SODIUM NONYL 1-SULFATE,246.2,21.0,0.06458,True,0.994658884314621,-0.1846201729327417
237,CCCCCCCCOS(=O)(=O)[O-].[Na+],5.12466721769861,,,,,<rdkit.Chem.rdchem.Mol object at 0x00000258C9E1A0A0>,SODIUM OCTYL 1 SULFATE,232.2,20.5,0.13325,True,0.9876922954734396,-0.17961302465554901
238,CCCCCCCCS(=O)(=O)[O-].[Na+],5.190331698170292,,,,,<rdkit.Chem.rdchem.Mol object at 0x00000258C9E1AD50>,SODIUM OCTYL 1-SULFONATE,216.2,25.0,0.155,True,1.0778066865975051,-0.15800766968472202
239,CCCCCCCCCc1ccc(S(=O)(=O)[O-])cc1.[Na+],3.662757831681574,,,,,<rdkit.Chem.rdchem.Mol object at 0x00000258C9E1A570>,SODIUM P-NONYL BENZENE SULFONATE,306.4,20.0,0.0046,True,1.0686519960061274,-0.17658543037900243
240,CCCCCCCCCCCCCC(=O)[O-].[Na+],3.838849090737255,,,,,<rdkit.Chem.rdchem.Mol object at 0x00000258C9E18AC0>,SODIUM TETRADECANOATE,250.3,25.0,0.0069,True,1.094545541640975,-0.14934572723956885
241,CCCCCCCCCCCCC(C)OS(=O)(=O)[O-].[Na+],3.514547752660286,,,,,<rdkit.Chem.rdchem.Mol object at 0x00000258C9E1B920>,SODIUM TETRADECYL 2 SULFATE,316.4,25.0,0.00327,True,1.0041506029625895,-0.18075793350517
242,CCCCCCCCCCC(CCC)OS(=O)(=O)[O-].[Na+],3.709269960975831,,,,,<rdkit.Chem.rdchem.Mol object at 0x00000258C9E1A3B0>,SODIUM TETRADECYL 4 SULFATE,316.4,25.0,0.00512,True,0.9975622137632508,-0.18012946398660376
243,CCCCCCCCCCCOS(=O)(=O)[O-].[Na+],4.204119982655925,,,,,<rdkit.Chem.rdchem.Mol object at 0x00000258C9E198C0>,SODIUM UNDECYL 1-SULFATE,274.3,21.0,0.016,True,1.0019915065199514,-0.190107774775175
244,CCCCCCCCCCCCOS(=O)(=O)[O-].C[N+](C)(C)C,3.7375901662857216,,,,,<rdkit.Chem.rdchem.Mol object at 0x00000258C9E185F0>,TETRAMETHYL AMMONIUM DODECYL 1 SULFATE,339.5,25.0,0.0054649999999999,True,0.3732496959501239,1.6113145011530001
